Komoditas,Beras,Beras Kualitas Bawah I,Beras Kualitas Bawah II,Beras Kualitas Medium I,Beras Kualitas Medium II,Beras Kualitas Super I,Beras Kualitas Super II,Beras Kualitas Bawah,Beras Kualitas Medium,Beras Kualitas Super
01/ 01/ 2020,-,-,-,-,-,-,-,0,0,0
02/ 01/ 2020,11150,10100,9500,11350,10850,12900,12100,9800,11100,12500
03/ 01/ 2020,11150,10100,9500,11350,10850,12900,12100,9800,11100,12500
06/ 01/ 2020,11150,10150,9550,11350,10850,12900,12100,9850,11100,12500
07/ 01/ 2020,11200,10200,9650,11400,10900,12950,12150,9925,11150,12550
08/ 01/ 2020,11200,10200,9650,11400,10900,12950,12150,9925,11150,12550
09/ 01/ 2020,11200,10200,9650,11400,10900,12950,12150,9925,11150,12550
10/ 01/ 2020,11200,10200,9650,11400,10900,12950,12150,9925,11150,12550
13/ 01/ 2020,11250,10200,9650,11450,10900,13000,12150,9925,11175,12575
14/ 01/ 2020,11250,10200,9650,11450,10900,13000,12150,9925,11175,12575
15/ 01/ 2020,11250,10200,9650,11450,10900,13000,12150,9925,11175,12575
16/ 01/ 2020,11250,10200,9650,11450,10900,13000,12150,9925,11175,12575
17/ 01/ 2020,11250,10250,9650,11450,10950,13000,12150,9950,11200,12575
20/ 01/ 2020,11300,10250,9700,11500,10950,13050,12200,9975,11225,12625
21/ 01/ 2020,11350,10350,9800,11600,11050,13100,12250,10075,11325,12675
22/ 01/ 2020,11350,10350,9800,11600,11050,13100,12250,10075,11325,12675
23/ 01/ 2020,11350,10350,9800,11600,11050,13100,12250,10075,11325,12675
24/ 01/ 2020,11350,10350,9800,11600,11050,13100,12250,10075,11325,12675
27/ 01/ 2020,11350,10350,9800,11600,11050,13100,12250,10075,11325,12675
28/ 01/ 2020,11350,10350,9800,11600,11050,13100,12250,10075,11325,12675
29/ 01/ 2020,11350,10350,9800,11600,11050,13100,12250,10075,11325,12675
30/ 01/ 2020,11350,10350,9800,11600,11050,13100,12250,10075,11325,12675
31/ 01/ 2020,11350,10350,9800,11600,11050,13100,12250,10075,11325,12675
03/ 02/ 2020,11400,10400,9800,11600,11050,13100,12300,10100,11325,12700
04/ 02/ 2020,11400,10400,9800,11600,11050,13100,12300,10100,11325,12700
05/ 02/ 2020,11400,10400,9800,11600,11050,13100,12300,10100,11325,12700
06/ 02/ 2020,11400,10400,9800,11600,11050,13100,12300,10100,11325,12700
07/ 02/ 2020,11400,10400,9800,11600,11050,13100,12300,10100,11325,12700
10/ 02/ 2020,11400,10400,9800,11600,11050,13100,12300,10100,11325,12700
11/ 02/ 2020,11400,10400,9800,11600,11050,13100,12300,10100,11325,12700
12/ 02/ 2020,11400,10400,9800,11600,11050,13100,12300,10100,11325,12700
13/ 02/ 2020,11400,10400,9800,11600,11050,13100,12300,10100,11325,12700
14/ 02/ 2020,11400,104,9800,11600,11050,13100,12300,4952,11325,12700
17/ 02/ 2020,11400,10400,9800,11600,11100,13100,12300,10100,11350,12700
18/ 02/ 2020,11400,10400,9800,11600,11050,13100,12300,10100,11325,12700
19/ 02/ 2020,11400,10400,9800,11600,11050,13100,12300,10100,11325,12700
20/ 02/ 2020,11400,10400,9800,11600,11050,13100,12300,10100,11325,12700
21/ 02/ 2020,11400,10400,9800,11600,11050,13100,12300,10100,11325,12700
24/ 02/ 2020,11350,10400,9850,11600,11100,13050,12300,10125,11350,12675
25/ 02/ 2020,11400,10400,9800,11600,11100,13100,12300,10100,11350,12700
26/ 02/ 2020,11400,10400,9800,11600,11100,13100,12300,10100,11350,12700
27/ 02/ 2020,11400,10400,9800,11600,11100,13100,12300,10100,11350,12700
28/ 02/ 2020,11400,10400,9800,11600,11100,13100,12300,10100,11350,12700
02/ 03/ 2020,11400,10400,9850,11600,11100,13100,12300,10125,11350,12700
03/ 03/ 2020,11400,10400,9850,11600,11100,13100,12300,10125,11350,12700
04/ 03/ 2020,11400,10400,9850,11600,11100,13100,12300,10125,11350,12700
05/ 03/ 2020,11400,10400,9850,11600,11100,13100,12300,10125,11350,12700
06/ 03/ 2020,11400,10400,9850,11600,11100,13100,12300,10125,11350,12700
09/ 03/ 2020,11400,10400,9850,11600,11100,13150,12300,10125,11350,12725
10/ 03/ 2020,11400,10400,9850,11600,11100,13150,12350,10125,11350,12750
11/ 03/ 2020,11450,10450,9850,11650,11150,13150,12400,10150,11400,12775
12/ 03/ 2020,11450,10450,9850,11650,11150,13150,12400,10150,11400,12775
13/ 03/ 2020,11450,10450,9850,11650,11150,13150,12400,10150,11400,12775
16/ 03/ 2020,11450,10450,9900,11650,11150,13150,12400,10175,11400,12775
17/ 03/ 2020,11450,10450,9900,11650,11150,13150,12400,10175,11400,12775
18/ 03/ 2020,11450,10450,9900,11650,11150,13150,12400,10175,11400,12775
19/ 03/ 2020,11450,10450,9900,11650,11150,13150,12400,10175,11400,12775
20/ 03/ 2020,11450,10450,9900,11650,11150,13150,12400,10175,11400,12775
23/ 03/ 2020,11450,10450,9900,11650,11150,13150,12400,10175,11400,12775
24/ 03/ 2020,11450,10450,9900,11650,11150,13150,12400,10175,11400,12775
25/ 03/ 2020,-,-,-,-,-,-,-,#DIV/0!,#DIV/0!,#DIV/0!
26/ 03/ 2020,11450,10450,9900,11650,11150,13150,12400,10175,11400,12775
27/ 03/ 2020,11450,10450,9900,11650,11150,13150,12400,10175,11400,12775
30/ 03/ 2020,11450,10500,9900,11650,11150,13200,12400,10200,11400,12800
31/ 03/ 2020,11500,10500,9900,11700,11150,13200,12400,10200,11425,12800
01/ 04/ 2020,11500,10500,9900,11700,11150,13200,12400,10200,11425,12800
02/ 04/ 2020,11500,10500,9900,11700,11150,13200,12400,10200,11425,12800
03/ 04/ 2020,11500,10500,9900,11700,11150,13200,12400,10200,11425,12800
06/ 04/ 2020,11500,10550,9900,11700,11200,13200,12400,10225,11450,12800
07/ 04/ 2020,11500,10550,9950,11700,11200,13200,12400,10250,11450,12800
08/ 04/ 2020,11500,10550,9950,11700,11200,13200,12400,10250,11450,12800
09/ 04/ 2020,11500,10550,9950,11700,11200,13200,12400,10250,11450,12800
10/ 04/ 2020,-,-,-,-,-,-,-,#DIV/0!,#DIV/0!,#DIV/0!
13/ 04/ 2020,11500,10550,9900,11700,11200,13200,12400,10225,11450,12800
14/ 04/ 2020,11500,10550,9900,11700,11200,13200,12400,10225,11450,12800
15/ 04/ 2020,11500,10550,9900,11700,11200,13200,12400,10225,11450,12800
16/ 04/ 2020,11500,10500,9900,11700,11200,13200,12400,10200,11450,12800
17/ 04/ 2020,11500,10500,9900,11700,11150,13200,12400,10200,11425,12800
20/ 04/ 2020,11500,10500,9900,11700,11150,13250,12400,10200,11425,12825
21/ 04/ 2020,11500,10500,9900,11700,11150,13250,12400,10200,11425,12825
22/ 04/ 2020,11500,10500,9900,11700,11150,13250,12400,10200,11425,12825
23/ 04/ 2020,11500,10500,9900,11700,11150,13250,12400,10200,11425,12825
24/ 04/ 2020,11500,10550,9950,11700,11200,13250,12400,10250,11450,12825
27/ 04/ 2020,11450,10500,9900,11650,11150,13200,12350,10200,11400,12775
28/ 04/ 2020,11450,10500,9900,11650,11150,13200,12350,10200,11400,12775
29/ 04/ 2020,11450,10500,9900,11650,11150,13200,12350,10200,11400,12775
30/ 04/ 2020,11450,10500,9900,11650,11150,13200,12350,10200,11400,12775
01/ 05/ 2020,-,-,-,-,-,-,-,#DIV/0!,#DIV/0!,#DIV/0!
04/ 05/ 2020,11450,10500,9850,11650,11150,13200,12350,10175,11400,12775
05/ 05/ 2020,11450,10500,9850,11650,11150,13200,12350,10175,11400,12775
06/ 05/ 2020,11450,10450,9850,11600,11100,13150,12350,10150,11350,12750
07/ 05/ 2020,-,-,-,-,-,-,-,#DIV/0!,#DIV/0!,#DIV/0!
08/ 05/ 2020,11400,10450,9850,11600,11100,13100,12300,10150,11350,12700
11/ 05/ 2020,11400,10450,9850,11600,11100,13100,12300,10150,11350,12700
12/ 05/ 2020,11400,10400,9850,11550,11100,13100,12300,10125,11325,12700
13/ 05/ 2020,11400,10400,9850,11550,11100,13100,12300,10125,11325,12700
14/ 05/ 2020,11400,10400,9800,11550,11050,13100,12350,10100,11300,12725
15/ 05/ 2020,11400,10400,9800,11550,11050,13100,12350,10100,11300,12725
18/ 05/ 2020,11400,10400,9800,11550,11050,13100,12350,10100,11300,12725
19/ 05/ 2020,11400,10400,9800,11550,11050,13100,12350,10100,11300,12725
20/ 05/ 2020,11400,10400,9800,11550,11050,13150,12350,10100,11300,12750
21/ 05/ 2020,-,-,-,-,-,-,-,#DIV/0!,#DIV/0!,#DIV/0!
22/ 05/ 2020,-,-,-,-,-,-,-,#DIV/0!,#DIV/0!,#DIV/0!
25/ 05/ 2020,-,-,-,-,-,-,-,#DIV/0!,#DIV/0!,#DIV/0!
26/ 05/ 2020,11400,10400,9800,11550,11050,13150,12350,10100,11300,12750
27/ 05/ 2020,11350,10400,9800,11500,11050,13150,12350,10100,11275,12750
28/ 05/ 2020,11350,10350,9800,11500,11050,13050,12300,10075,11275,12675
29/ 05/ 2020,11350,10350,9800,11500,11050,13050,12300,10075,11275,12675
01/ 06/ 2020,-,-,-,-,-,-,-,#DIV/0!,#DIV/0!,#DIV/0!
02/ 06/ 2020,11350,10350,9800,11500,11050,13050,12300,10075,11275,12675
03/ 06/ 2020,11350,10350,9800,11500,11050,13050,12300,10075,11275,12675
04/ 06/ 2020,11350,10350,9800,11500,11050,13050,12300,10075,11275,12675
05/ 06/ 2020,11350,10350,9800,11500,11050,13050,12300,10075,11275,12675
08/ 06/ 2020,11350,10350,9800,11500,11050,13050,12300,10075,11275,12675
09/ 06/ 2020,11350,10350,9800,11500,11050,13050,12300,10075,11275,12675
10/ 06/ 2020,11350,10350,9800,11500,11050,13050,12300,10075,11275,12675
11/ 06/ 2020,11350,10350,9800,11500,11050,13100,12300,10075,11275,12700
12/ 06/ 2020,11350,10350,9800,11500,11050,13100,12300,10075,11275,12700
15/ 06/ 2020,11350,10350,9800,11500,11050,13100,12300,10075,11275,12700
16/ 06/ 2020,11350,10350,9800,11500,11050,13100,12300,10075,11275,12700
17/ 06/ 2020,11350,10350,9800,11500,11050,13100,12300,10075,11275,12700
18/ 06/ 2020,11350,10350,9800,11500,11050,13100,12300,10075,11275,12700
19/ 06/ 2020,11350,10350,9800,11500,11050,13100,12300,10075,11275,12700
22/ 06/ 2020,11350,10350,9800,11500,11050,13100,12300,10075,11275,12700
23/ 06/ 2020,11350,10350,9800,11500,11050,13100,12300,10075,11275,12700
24/ 06/ 2020,11350,10350,9800,11500,11050,13100,12300,10075,11275,12700
25/ 06/ 2020,11350,10350,9800,11500,11050,13100,12300,10075,11275,12700
26/ 06/ 2020,11350,10350,9800,11500,11050,13100,12300,10075,11275,12700
29/ 06/ 2020,11350,10350,9800,11500,11050,13100,12300,10075,11275,12700
30/ 06/ 2020,11350,10350,9800,11500,11050,13100,12300,10075,11275,12700
01/ 07/ 2020,11350,10350,9800,11500,11050,13100,12300,10075,11275,12700
02/ 07/ 2020,11350,10350,9800,11500,11050,13100,12300,10075,11275,12700
03/ 07/ 2020,11350,10350,9800,11500,11050,13100,12300,10075,11275,12700
06/ 07/ 2020,11350,10350,9800,11500,11050,13100,12300,10075,11275,12700
07/ 07/ 2020,11350,10350,9800,11500,11050,13100,12300,10075,11275,12700
08/ 07/ 2020,11350,10350,9800,11500,11050,13100,12300,10075,11275,12700
09/ 07/ 2020,11350,10350,9800,11500,11050,13100,12300,10075,11275,12700
10/ 07/ 2020,11350,10350,9800,11500,11050,13100,12300,10075,11275,12700
13/ 07/ 2020,11350,10350,9800,11500,11050,13100,12300,10075,11275,12700
14/ 07/ 2020,11350,10350,9750,11500,11050,13100,12300,10050,11275,12700
15/ 07/ 2020,11350,10350,9750,11500,11050,13100,12300,10050,11275,12700
16/ 07/ 2020,11350,10350,9750,11500,11050,13100,12300,10050,11275,12700
17/ 07/ 2020,11350,10350,9750,11500,11050,13100,12300,10050,11275,12700
20/ 07/ 2020,11350,10350,9750,11500,11050,13100,12300,10050,11275,12700
21/ 07/ 2020,11350,10350,9750,11500,11050,13100,12300,10050,11275,12700
22/ 07/ 2020,11350,10350,9750,11500,11050,13100,12300,10050,11275,12700
23/ 07/ 2020,11350,10350,9750,11500,11050,13100,12300,10050,11275,12700
24/ 07/ 2020,11350,10350,9750,11500,11050,13100,12250,10050,11275,12675
27/ 07/ 2020,11350,10350,9750,11500,11050,13100,12300,10050,11275,12700
28/ 07/ 2020,11350,10350,9750,11500,11000,13100,12300,10050,11250,12700
29/ 07/ 2020,11300,10250,9700,11500,10950,13100,12250,9975,11225,12675
30/ 07/ 2020,11300,10250,9700,11500,10950,13100,12250,9975,11225,12675
31/ 07/ 2020,-,-,-,-,-,-,-,#DIV/0!,#DIV/0!,#DIV/0!
03/ 08/ 2020,11300,10250,9700,11500,10950,13100,12250,9975,11225,12675
04/ 08/ 2020,11300,10250,9700,11500,10950,13100,12250,9975,11225,12675
05/ 08/ 2020,11300,10250,9700,11500,10950,13100,12250,9975,11225,12675
06/ 08/ 2020,11300,10250,9700,11500,10950,13100,12250,9975,11225,12675
07/ 08/ 2020,11300,10250,9700,11500,10950,13100,12250,9975,11225,12675
10/ 08/ 2020,11300,10250,9700,11500,10950,13100,12250,9975,11225,12675
11/ 08/ 2020,11300,10250,9650,11500,10950,13100,12250,9950,11225,12675
12/ 08/ 2020,11300,10250,9650,11500,10950,13100,12250,9950,11225,12675
13/ 08/ 2020,11300,10250,9650,11500,10950,13100,12250,9950,11225,12675
14/ 08/ 2020,11300,10250,9700,11500,10950,13100,12250,9975,11225,12675
17/ 08/ 2020,-,-,-,-,-,-,-,#DIV/0!,#DIV/0!,#DIV/0!
18/ 08/ 2020,11300,10250,9650,11500,10950,13100,12250,9950,11225,12675
19/ 08/ 2020,11300,10250,9650,11500,10950,13100,12250,9950,11225,12675
20/ 08/ 2020,-,-,-,-,-,-,-,#DIV/0!,#DIV/0!,#DIV/0!
21/ 08/ 2020,-,-,-,-,-,-,-,#DIV/0!,#DIV/0!,#DIV/0!
24/ 08/ 2020,11300,10250,9650,11500,10950,13100,12250,9950,11225,12675
25/ 08/ 2020,11300,10250,9650,11500,10950,13100,12250,9950,11225,12675
26/ 08/ 2020,11300,10250,9650,11500,11000,13100,12250,9950,11250,12675
27/ 08/ 2020,11300,10250,9650,11500,10950,13100,12250,9950,11225,12675
28/ 08/ 2020,11300,10250,9650,11500,10950,13100,12250,9950,11225,12675
31/ 08/ 2020,11300,10250,9650,11500,10950,13100,12250,9950,11225,12675
01/ 09/ 2020,11300,10200,9600,11450,10950,13100,12250,9900,11200,12675
02/ 09/ 2020,11300,10200,9600,11450,10950,13100,12250,9900,11200,12675
03/ 09/ 2020,11300,10200,9600,11450,10950,13100,12250,9900,11200,12675
04/ 09/ 2020,11300,10200,9600,11450,10950,13100,12250,9900,11200,12675
07/ 09/ 2020,11300,10200,9600,11450,10950,13100,12250,9900,11200,12675
08/ 09/ 2020,11250,10200,9600,11450,10950,13100,12250,9900,11200,12675
09/ 09/ 2020,11250,10200,9600,11450,10950,13100,12250,9900,11200,12675
10/ 09/ 2020,11250,10200,9600,11500,10950,13050,12250,9900,11225,12650
11/ 09/ 2020,11250,10200,9600,11450,10950,13100,12250,9900,11200,12675
14/ 09/ 2020,11250,10200,9600,11450,10950,13100,12250,9900,11200,12675
15/ 09/ 2020,11250,10200,9600,11450,10950,13100,12250,9900,11200,12675
16/ 09/ 2020,11250,10200,9600,11450,10950,13100,12250,9900,11200,12675
17/ 09/ 2020,11250,10200,9600,11500,10950,13100,12250,9900,11225,12675
18/ 09/ 2020,11250,10200,9600,11500,10950,13100,12250,9900,11225,12675
21/ 09/ 2020,11250,10200,9600,11500,10950,13100,12250,9900,11225,12675
22/ 09/ 2020,11250,10200,9600,11500,10950,13100,12250,9900,11225,12675
23/ 09/ 2020,11250,10200,9600,11500,10950,13100,12250,9900,11225,12675
24/ 09/ 2020,11250,10200,9600,11500,10950,13100,12250,9900,11225,12675
25/ 09/ 2020,11250,10200,9600,11500,10950,13100,12250,9900,11225,12675
28/ 09/ 2020,11250,10200,9600,11500,10950,13100,12250,9900,11225,12675
29/ 09/ 2020,11250,10200,9600,11450,10950,13100,12250,9900,11200,12675
30/ 09/ 2020,11250,10200,9600,11450,10950,13100,12250,9900,11200,12675
01/ 10/ 2020,11250,10200,9600,11450,10950,13100,12250,9900,11200,12675
02/ 10/ 2020,11250,10200,9600,11450,10950,13100,12250,9900,11200,12675
05/ 10/ 2020,11250,10200,9600,11500,10950,13050,12200,9900,11225,12625
06/ 10/ 2020,11250,10200,9600,11500,10950,13050,12200,9900,11225,12625
07/ 10/ 2020,11250,10200,9600,11500,10950,13050,12200,9900,11225,12625
08/ 10/ 2020,11250,10200,9600,11500,10950,13050,12200,9900,11225,12625
09/ 10/ 2020,11250,10200,9600,11500,10950,13050,12200,9900,11225,12625
12/ 10/ 2020,11250,10200,9600,11500,10950,13050,12200,9900,11225,12625
13/ 10/ 2020,11250,10200,9600,11500,10950,13050,12200,9900,11225,12625
14/ 10/ 2020,11250,10200,9600,11500,10950,13050,12200,9900,11225,12625
15/ 10/ 2020,11250,10200,9600,11500,10950,13050,12200,9900,11225,12625
16/ 10/ 2020,11200,10200,9600,11200,10950,13050,12200,9900,11075,12625
19/ 10/ 2020,11200,10200,9600,11200,10950,13050,12200,9900,11075,12625
20/ 10/ 2020,11250,10200,9600,11500,10950,13050,12200,9900,11225,12625
21/ 10/ 2020,11250,10200,9600,11500,10950,13050,12250,9900,11225,12650
22/ 10/ 2020,11250,10200,9600,11500,10950,13050,12250,9900,11225,12650
23/ 10/ 2020,11250,10200,9600,11500,10950,13050,12250,9900,11225,12650
26/ 10/ 2020,11250,10200,9600,11500,10950,13050,12250,9900,11225,12650
27/ 10/ 2020,11250,10200,9600,11500,10950,13050,12250,9900,11225,12650
28/ 10/ 2020,11000,10050,9400,11350,10700,12500,11850,9725,11025,12175
29/ 10/ 2020,-,-,-,-,-,-,-,#DIV/0!,#DIV/0!,#DIV/0!
30/ 10/ 2020,-,-,-,-,-,-,-,#DIV/0!,#DIV/0!,#DIV/0!
02/ 11/ 2020,11250,10200,9600,11500,10950,13050,12250,9900,11225,12650
03/ 11/ 2020,11250,10150,9600,11450,10950,13050,12250,9875,11200,12650
04/ 11/ 2020,11250,10150,9500,11450,10950,13050,12250,9825,11200,12650
05/ 11/ 2020,11250,10150,9500,11450,10950,13050,12250,9825,11200,12650
06/ 11/ 2020,11250,10150,9500,11450,10900,13050,12250,9825,11175,12650
09/ 11/ 2020,11250,10150,9500,11450,10900,13050,12250,9825,11175,12650
10/ 11/ 2020,11250,10150,9500,11450,10900,13050,12250,9825,11175,12650
11/ 11/ 2020,11250,10150,9500,11450,10900,13050,12250,9825,11175,12650
12/ 11/ 2020,11250,10150,9500,11450,10900,13050,12250,9825,11175,12650
13/ 11/ 2020,11250,10150,9500,11450,10900,13050,12250,9825,11175,12650
16/ 11/ 2020,11250,10150,9500,11450,10900,13050,12250,9825,11175,12650
17/ 11/ 2020,11250,10150,9500,11450,10900,13050,12250,9825,11175,12650
18/ 11/ 2020,11250,10150,9500,11450,10900,13050,12200,9825,11175,12625
19/ 11/ 2020,11250,10150,9500,11450,10900,13050,12200,9825,11175,12625
20/ 11/ 2020,11250,10150,9500,11450,10900,13050,12200,9825,11175,12625
23/ 11/ 2020,11250,10150,9500,11450,10900,13050,12200,9825,11175,12625
24/ 11/ 2020,11200,10150,9500,11450,10900,13050,12200,9825,11175,12625
25/ 11/ 2020,11100,10150,9500,11150,10900,12750,12200,9825,11025,12475
26/ 11/ 2020,11200,10150,9500,11450,10900,13050,12200,9825,11175,12625
27/ 11/ 2020,11200,10150,9500,11450,10850,13050,12200,9825,11150,12625
30/ 11/ 2020,11200,10150,9500,11450,10850,13050,12200,9825,11150,12625
01/ 12/ 2020,11200,10150,9500,11450,10850,13050,12200,9825,11150,12625
02/ 12/ 2020,11200,10150,9500,11450,10850,13050,12200,9825,11150,12625
03/ 12/ 2020,11200,10150,9500,11450,10850,13050,12200,9825,11150,12625
04/ 12/ 2020,11200,10150,9500,11450,10850,13050,12200,9825,11150,12625
07/ 12/ 2020,11200,10100,9500,11400,10850,13050,12200,9800,11125,12625
08/ 12/ 2020,11200,10100,9500,11400,10850,13050,12200,9800,11125,12625
09/ 12/ 2020,-,-,-,-,-,-,-,#DIV/0!,#DIV/0!,#DIV/0!
10/ 12/ 2020,11200,10100,9500,11400,10850,13050,12200,9800,11125,12625
11/ 12/ 2020,11200,10100,9500,11400,10850,13050,12200,9800,11125,12625
14/ 12/ 2020,11200,10100,9500,11400,10850,13050,12200,9800,11125,12625
15/ 12/ 2020,11200,10100,9500,11400,10850,13100,12200,9800,11125,12650
16/ 12/ 2020,11200,10100,9500,11400,10850,13100,12200,9800,11125,12650
17/ 12/ 2020,11200,10100,9500,11400,10850,13100,12200,9800,11125,12650
18/ 12/ 2020,11200,10100,9500,11400,10850,13100,12200,9800,11125,12650
21/ 12/ 2020,11200,10100,9500,11400,10850,13100,12200,9800,11125,12650
22/ 12/ 2020,11200,10100,9500,11400,10850,13100,12200,9800,11125,12650
23/ 12/ 2020,11200,10100,9500,11400,10850,13100,12200,9800,11125,12650
24/ 12/ 2020,-,-,-,-,-,-,-,#DIV/0!,#DIV/0!,#DIV/0!
25/ 12/ 2020,-,-,-,-,-,-,-,#DIV/0!,#DIV/0!,#DIV/0!
28/ 12/ 2020,11200,10100,9500,11400,10850,13100,12200,9800,11125,12650
29/ 12/ 2020,11200,10100,9500,11400,10850,13100,12200,9800,11125,12650
30/ 12/ 2020,11200,10100,9500,11400,10850,13100,12200,9800,11125,12650
31/ 12/ 2020,-,-,-,-,-,-,-,#DIV/0!,#DIV/0!,#DIV/0!
01/ 01/ 2021,-,-,-,-,-,-,-,#DIV/0!,#DIV/0!,#DIV/0!
04/ 01/ 2021,11200,10100,9500,11400,10850,13100,12200,9800,11125,12650
05/ 01/ 2021,11200,10100,9500,11400,10850,13100,12200,9800,11125,12650
06/ 01/ 2021,11200,10100,9500,11450,10850,13100,12200,9800,11150,12650
07/ 01/ 2021,11200,10100,9500,11450,10850,13100,12200,9800,11150,12650
08/ 01/ 2021,11200,10100,9500,11450,10850,13100,12200,9800,11150,12650
11/ 01/ 2021,11200,10100,9500,11450,10850,13100,12200,9800,11150,12650
12/ 01/ 2021,11200,10100,9500,11450,10850,13100,12200,9800,11150,12650
13/ 01/ 2021,11200,10100,9500,11450,10850,13100,12200,9800,11150,12650
14/ 01/ 2021,11200,10100,9500,11450,10850,13100,12200,9800,11150,12650
15/ 01/ 2021,11200,10100,9500,11450,10850,13100,12200,9800,11150,12650
18/ 01/ 2021,11200,10100,9500,11450,10850,13100,12200,9800,11150,12650
19/ 01/ 2021,11200,10100,9500,11450,10850,13100,12200,9800,11150,12650
20/ 01/ 2021,11200,10100,9500,11450,10850,13100,12200,9800,11150,12650
21/ 01/ 2021,11200,10100,9500,11450,10850,13100,12200,9800,11150,12650
22/ 01/ 2021,11200,10100,9500,11450,10850,13100,12200,9800,11150,12650
25/ 01/ 2021,11200,10100,9500,11450,10850,13100,12200,9800,11150,12650
26/ 01/ 2021,11200,10100,9500,11450,10850,13100,12200,9800,11150,12650
27/ 01/ 2021,11200,10100,9500,11450,10850,13100,12200,9800,11150,12650
28/ 01/ 2021,11200,10100,9500,11450,10850,13100,12200,9800,11150,12650
29/ 01/ 2021,11200,10100,9500,11450,10850,13100,12200,9800,11150,12650
01/ 02/ 2021,11200,10100,9500,11450,10850,13100,12200,9800,11150,12650
02/ 02/ 2021,11200,10100,9500,11450,10850,13100,12200,9800,11150,12650
03/ 02/ 2021,11200,10100,9500,11450,10850,13100,12200,9800,11150,12650
04/ 02/ 2021,11200,10100,9500,11450,10850,13100,12200,9800,11150,12650
05/ 02/ 2021,11200,10100,9500,11450,10850,13100,12200,9800,11150,12650
08/ 02/ 2021,11200,10100,9500,11450,10850,13100,12200,9800,11150,12650
09/ 02/ 2021,11200,10100,9500,11450,10850,13100,12200,9800,11150,12650
10/ 02/ 2021,11200,10100,9500,11450,10850,13100,12200,9800,11150,12650
11/ 02/ 2021,11200,10100,9500,11450,10850,13100,12200,9800,11150,12650
12/ 02/ 2021,-,-,-,-,-,-,-,#DIV/0!,#DIV/0!,#DIV/0!
15/ 02/ 2021,11200,10100,9500,11450,10850,13100,12200,9800,11150,12650
16/ 02/ 2021,11200,10100,9500,11450,10850,13100,12200,9800,11150,12650
17/ 02/ 2021,11200,10100,9500,11450,10850,13100,12200,9800,11150,12650
18/ 02/ 2021,11200,10100,9500,11450,10850,13100,12200,9800,11150,12650
19/ 02/ 2021,11200,10100,9500,11450,10850,13100,12200,9800,11150,12650
22/ 02/ 2021,11200,10100,9500,11450,10850,13100,12200,9800,11150,12650
23/ 02/ 2021,11200,10100,9500,11450,10850,13100,12200,9800,11150,12650
24/ 02/ 2021,11200,10100,9500,11450,10850,13100,12200,9800,11150,12650
25/ 02/ 2021,11200,10100,9500,11450,10850,13100,12200,9800,11150,12650
26/ 02/ 2021,11200,10100,9500,11450,10850,13100,12200,9800,11150,12650
01/ 03/ 2021,11200,10100,9500,11450,10850,13100,12200,9800,11150,12650
02/ 03/ 2021,11200,10100,9500,11450,10850,13100,12200,9800,11150,12650
03/ 03/ 2021,11200,10100,9500,11450,10850,13100,12200,9800,11150,12650
04/ 03/ 2021,11200,10100,9500,11450,10850,13100,12200,9800,11150,12650
05/ 03/ 2021,11200,10100,9500,11400,10850,13100,12250,9800,11125,12675
08/ 03/ 2021,11200,10100,9500,11450,10850,13100,12200,9800,11150,12650
09/ 03/ 2021,11200,10100,9500,11450,10850,13100,12200,9800,11150,12650
10/ 03/ 2021,11200,10100,9500,11450,10850,13100,12200,9800,11150,12650
11/ 03/ 2021,-,-,-,-,-,-,-,#DIV/0!,#DIV/0!,#DIV/0!
12/ 03/ 2021,11200,10100,9500,11450,10850,13100,12200,9800,11150,12650
15/ 03/ 2021,11200,10100,9500,11450,10850,13100,12200,9800,11150,12650
16/ 03/ 2021,11200,10100,9500,11450,10850,13100,12200,9800,11150,12650
17/ 03/ 2021,11200,10100,9500,11450,10850,13100,12200,9800,11150,12650
18/ 03/ 2021,11200,10050,9500,11450,10900,13100,12200,9775,11175,12650
19/ 03/ 2021,11200,10100,9500,11450,10850,13100,12200,9800,11150,12650
22/ 03/ 2021,11200,10100,9500,11450,10850,13100,12200,9800,11150,12650
23/ 03/ 2021,11200,10100,9500,11450,10850,13100,12200,9800,11150,12650
24/ 03/ 2021,11200,10100,9500,11450,10850,13100,12200,9800,11150,12650
25/ 03/ 2021,11200,10100,9500,11450,10850,13100,12200,9800,11150,12650
26/ 03/ 2021,11200,10100,9500,11450,10850,13100,12200,9800,11150,12650
29/ 03/ 2021,11200,10100,9500,11450,10850,13100,12200,9800,11150,12650
30/ 03/ 2021,11200,10100,9500,11450,10850,13100,12200,9800,11150,12650
31/ 03/ 2021,11200,10100,9500,11450,10850,13100,12200,9800,11150,12650
01/ 04/ 2021,11200,10100,9500,11450,10850,13100,12200,9800,11150,12650
02/ 04/ 2021,-,-,-,-,-,-,-,#DIV/0!,#DIV/0!,#DIV/0!
05/ 04/ 2021,11200,10100,9500,11450,10850,13100,12200,9800,11150,12650
06/ 04/ 2021,11200,10100,9500,11450,10850,13100,12200,9800,11150,12650
07/ 04/ 2021,11200,10100,9500,11450,10850,13100,12200,9800,11150,12650
08/ 04/ 2021,11200,10100,9500,11450,10850,13100,12200,9800,11150,12650
09/ 04/ 2021,11200,10100,9500,11450,10850,13100,12200,9800,11150,12650
12/ 04/ 2021,11200,10100,9500,11450,10850,13100,12200,9800,11150,12650
13/ 04/ 2021,11200,10100,9500,11450,10850,13100,12200,9800,11150,12650
14/ 04/ 2021,11200,10100,9500,11450,10850,13100,12200,9800,11150,12650
15/ 04/ 2021,11200,10100,9500,11450,10850,13100,12200,9800,11150,12650
16/ 04/ 2021,11200,10100,9500,11450,10850,13100,12200,9800,11150,12650
19/ 04/ 2021,11200,10100,9500,11450,10850,13100,12250,9800,11150,12675
20/ 04/ 2021,11200,10100,9500,11450,10850,13100,12250,9800,11150,12675
21/ 04/ 2021,11200,10100,9500,11450,10850,13100,12250,9800,11150,12675
22/ 04/ 2021,11200,10100,9500,11450,10850,13100,12250,9800,11150,12675
23/ 04/ 2021,11200,10100,9500,11450,10850,13100,12250,9800,11150,12675
26/ 04/ 2021,11200,10100,9500,11450,10850,13100,12250,9800,11150,12675
27/ 04/ 2021,11200,10100,9500,11450,10850,13100,12250,9800,11150,12675
28/ 04/ 2021,11200,10100,9500,11450,10850,13100,12250,9800,11150,12675
29/ 04/ 2021,11200,10100,9500,11450,10850,13100,12250,9800,11150,12675
30/ 04/ 2021,11200,10100,9500,11450,10850,13100,12250,9800,11150,12675
03/ 05/ 2021,11200,10100,9500,11450,10850,13100,12250,9800,11150,12675
04/ 05/ 2021,11200,10100,9500,11450,10850,13100,12250,9800,11150,12675
05/ 05/ 2021,11200,10100,9500,11450,10850,13100,12250,9800,11150,12675
06/ 05/ 2021,11200,10100,9500,11450,10850,13100,12250,9800,11150,12675
07/ 05/ 2021,11200,10100,9500,11450,10850,13100,12250,9800,11150,12675
10/ 05/ 2021,11200,10100,9500,11450,10850,13100,12250,9800,11150,12675
11/ 05/ 2021,11200,10100,9500,11450,10850,13100,12250,9800,11150,12675
12/ 05/ 2021,-,-,-,-,-,-,-,#DIV/0!,#DIV/0!,#DIV/0!
13/ 05/ 2021,-,-,-,-,-,-,-,#DIV/0!,#DIV/0!,#DIV/0!
14/ 05/ 2021,-,-,-,-,-,-,-,#DIV/0!,#DIV/0!,#DIV/0!
17/ 05/ 2021,11200,10100,9500,11450,10850,13100,12250,9800,11150,12675
18/ 05/ 2021,11200,10100,9500,11450,10850,13100,12250,9800,11150,12675
19/ 05/ 2021,11200,10100,9500,11450,10850,13100,12250,9800,11150,12675
20/ 05/ 2021,11200,10100,9500,11450,10850,13100,12250,9800,11150,12675
21/ 05/ 2021,11200,10100,9500,11450,10850,13100,12250,9800,11150,12675
24/ 05/ 2021,11200,10100,9500,11450,10850,13100,12250,9800,11150,12675
25/ 05/ 2021,11200,10100,9500,11400,10850,13100,12250,9800,11125,12675
26/ 05/ 2021,-,-,-,-,-,-,-,#DIV/0!,#DIV/0!,#DIV/0!
27/ 05/ 2021,11200,10100,9500,11400,10850,13100,12250,9800,11125,12675
28/ 05/ 2021,11200,10100,9500,11400,10850,13100,12250,9800,11125,12675
31/ 05/ 2021,11200,10100,9500,11400,10850,13100,12250,9800,11125,12675
01/ 06/ 2021,-,-,-,-,-,-,-,#DIV/0!,#DIV/0!,#DIV/0!
02/ 06/ 2021,11200,10100,9500,11400,10850,13100,12250,9800,11125,12675
03/ 06/ 2021,11200,10100,9500,11400,10850,13100,12250,9800,11125,12675
04/ 06/ 2021,11200,10100,9500,11400,10850,13100,12250,9800,11125,12675
07/ 06/ 2021,11200,10100,9500,11400,10850,13100,12250,9800,11125,12675
08/ 06/ 2021,11200,10100,9500,11400,10850,13100,12250,9800,11125,12675
09/ 06/ 2021,11200,10100,9500,11400,10850,13100,12250,9800,11125,12675
10/ 06/ 2021,11200,10100,9500,11400,10850,13100,12250,9800,11125,12675
11/ 06/ 2021,11200,10100,9500,11400,10850,13100,12250,9800,11125,12675
14/ 06/ 2021,11200,10100,9500,11400,10850,13100,12250,9800,11125,12675
15/ 06/ 2021,11200,10100,9500,11400,10850,13100,12250,9800,11125,12675
16/ 06/ 2021,11200,10100,9500,11400,10850,13100,12250,9800,11125,12675
17/ 06/ 2021,11200,10100,9500,11400,10850,13100,12250,9800,11125,12675
18/ 06/ 2021,11200,10100,9500,11400,10850,13100,12250,9800,11125,12675
21/ 06/ 2021,11200,10100,9500,11400,10850,13100,12250,9800,11125,12675
22/ 06/ 2021,11200,10100,9500,11400,10850,13100,12250,9800,11125,12675
23/ 06/ 2021,11200,10100,9500,11400,10850,13100,12250,9800,11125,12675
24/ 06/ 2021,11200,10100,9500,11400,10850,13100,12250,9800,11125,12675
25/ 06/ 2021,11200,10100,9500,11400,10850,13100,12250,9800,11125,12675
28/ 06/ 2021,11200,10100,9500,11400,10850,13100,12250,9800,11125,12675
29/ 06/ 2021,11200,10100,9500,11400,10850,13100,12250,9800,11125,12675
30/ 06/ 2021,11200,10100,9500,11400,10850,13100,12250,9800,11125,12675
01/ 07/ 2021,11200,10100,9500,11400,10850,13100,12250,9800,11125,12675
02/ 07/ 2021,11200,10100,9500,11400,10850,13100,12250,9800,11125,12675
05/ 07/ 2021,11200,10100,9500,11400,10850,13100,12250,9800,11125,12675
06/ 07/ 2021,11200,10100,9500,11400,10850,13100,12250,9800,11125,12675
07/ 07/ 2021,11200,10100,9500,11400,10850,13100,12250,9800,11125,12675
08/ 07/ 2021,11200,10100,9500,11400,10850,13100,12250,9800,11125,12675
09/ 07/ 2021,11200,10100,9500,11400,10850,13100,12250,9800,11125,12675
12/ 07/ 2021,11200,10100,9500,11400,10850,13100,12250,9800,11125,12675
13/ 07/ 2021,11200,10100,9500,11400,10850,13100,12250,9800,11125,12675
14/ 07/ 2021,11200,10100,9500,11400,10850,13100,12250,9800,11125,12675
15/ 07/ 2021,11200,10100,9500,11400,10850,13100,12250,9800,11125,12675
16/ 07/ 2021,11200,10100,9500,11400,10850,13100,12250,9800,11125,12675
19/ 07/ 2021,11200,10100,9500,11400,10850,13100,12250,9800,11125,12675
20/ 07/ 2021,-,-,-,-,-,-,-,#DIV/0!,#DIV/0!,#DIV/0!
21/ 07/ 2021,11200,10100,9500,11400,10850,13100,12250,9800,11125,12675
22/ 07/ 2021,11200,10050,9400,11350,10800,13100,12250,9725,11075,12675
23/ 07/ 2021,11200,10050,9400,11350,10800,13100,12250,9725,11075,12675
26/ 07/ 2021,11150,10050,9400,11350,10800,13100,12250,9725,11075,12675
27/ 07/ 2021,11150,10050,9400,11350,10800,13100,12250,9725,11075,12675
28/ 07/ 2021,11150,10050,9400,11350,10800,13100,12250,9725,11075,12675
29/ 07/ 2021,11150,10050,9400,11350,10800,13100,12250,9725,11075,12675
30/ 07/ 2021,11150,10050,9400,11350,10800,13100,12250,9725,11075,12675
02/ 08/ 2021,11150,10050,9400,11350,10800,13100,12250,9725,11075,12675
03/ 08/ 2021,11150,10050,9400,11350,10800,13100,12250,9725,11075,12675
04/ 08/ 2021,11150,10050,9400,11350,10800,13100,12250,9725,11075,12675
05/ 08/ 2021,11150,10050,9400,11350,10800,13100,12250,9725,11075,12675
06/ 08/ 2021,11150,10050,9400,11350,10800,13100,12250,9725,11075,12675
09/ 08/ 2021,11150,10050,9400,11350,10800,13050,12250,9725,11075,12650
10/ 08/ 2021,11150,10050,9400,11350,10800,13050,12250,9725,11075,12650
11/ 08/ 2021,-,-,-,-,-,-,-,#DIV/0!,#DIV/0!,#DIV/0!
12/ 08/ 2021,11150,10050,9400,11350,10800,13050,12250,9725,11075,12650
13/ 08/ 2021,11150,10050,9400,11350,10800,13050,12250,9725,11075,12650
16/ 08/ 2021,11150,10050,9400,11350,10800,13050,12250,9725,11075,12650
17/ 08/ 2021,-,-,-,-,-,-,-,#DIV/0!,#DIV/0!,#DIV/0!
18/ 08/ 2021,11150,10050,9400,11350,10800,13050,12250,9725,11075,12650
19/ 08/ 2021,11150,10050,9400,11350,10800,13050,12250,9725,11075,12650
20/ 08/ 2021,11150,10050,9400,11350,10800,13050,12250,9725,11075,12650
23/ 08/ 2021,11150,10050,9400,11350,10800,13050,12250,9725,11075,12650
24/ 08/ 2021,11150,10050,9400,11350,10800,13050,12250,9725,11075,12650
25/ 08/ 2021,11150,10050,9400,11350,10800,13050,12250,9725,11075,12650
26/ 08/ 2021,11150,10050,9400,11350,10800,13050,12250,9725,11075,12650
27/ 08/ 2021,11150,10050,9400,11350,10800,13050,12250,9725,11075,12650
30/ 08/ 2021,11150,10050,9400,11350,10800,13050,12250,9725,11075,12650
31/ 08/ 2021,11150,10050,9400,11350,10800,13050,12250,9725,11075,12650
01/ 09/ 2021,11150,10050,9400,11350,10800,13050,12250,9725,11075,12650
02/ 09/ 2021,11150,10050,9400,11350,10800,13050,12250,9725,11075,12650
03/ 09/ 2021,11150,10050,9400,11350,10800,13050,12250,9725,11075,12650
06/ 09/ 2021,11150,10050,9400,11350,10800,13050,12250,9725,11075,12650
07/ 09/ 2021,11150,10050,9400,11350,10800,13050,12250,9725,11075,12650
08/ 09/ 2021,11150,10050,9400,11350,10800,13050,12250,9725,11075,12650
09/ 09/ 2021,11150,10050,9400,11350,10800,13050,12250,9725,11075,12650
10/ 09/ 2021,11150,10050,9400,11350,10800,13050,12250,9725,11075,12650
13/ 09/ 2021,11150,10000,9400,11350,10750,13050,12250,9700,11050,12650
14/ 09/ 2021,11150,10050,9400,11350,10800,13050,12250,9725,11075,12650
15/ 09/ 2021,11150,10050,9400,11350,10800,13050,12250,9725,11075,12650
16/ 09/ 2021,11150,10050,9400,11350,10800,13050,12250,9725,11075,12650
17/ 09/ 2021,11150,10050,9400,11350,10800,13050,12250,9725,11075,12650
20/ 09/ 2021,11150,10050,9400,11350,10800,13050,12250,9725,11075,12650
21/ 09/ 2021,11150,10050,9400,11350,10800,13050,12250,9725,11075,12650
22/ 09/ 2021,11150,10050,9400,11350,10800,13050,12250,9725,11075,12650
23/ 09/ 2021,11150,10050,9400,11350,10800,13050,12250,9725,11075,12650
24/ 09/ 2021,11150,10050,9400,11350,10800,13050,12250,9725,11075,12650
27/ 09/ 2021,11150,10050,9400,11350,10800,13050,12250,9725,11075,12650
28/ 09/ 2021,11150,10050,9400,11350,10800,13050,12250,9725,11075,12650
29/ 09/ 2021,11150,10050,9400,11350,10800,13050,12250,9725,11075,12650
30/ 09/ 2021,11150,10050,9400,11350,10800,13050,12250,9725,11075,12650
01/ 10/ 2021,11150,10050,9400,11350,10800,13050,12250,9725,11075,12650
04/ 10/ 2021,11150,10050,9400,11350,10800,13050,12250,9725,11075,12650
05/ 10/ 2021,11150,10000,9400,11350,10800,13050,12250,9700,11075,12650
06/ 10/ 2021,11150,10050,9400,11350,10800,13050,12250,9725,11075,12650
07/ 10/ 2021,11150,10050,9400,11350,10800,13000,12200,9725,11075,12600
08/ 10/ 2021,11150,10050,9400,11350,10800,13050,12250,9725,11075,12650
11/ 10/ 2021,11150,10050,9400,11350,10800,13050,12250,9725,11075,12650
12/ 10/ 2021,11150,10050,9400,11350,10800,13050,12250,9725,11075,12650
13/ 10/ 2021,11150,10050,9400,11350,10800,13050,12250,9725,11075,12650
14/ 10/ 2021,11150,10050,9400,11350,10800,13050,12250,9725,11075,12650
15/ 10/ 2021,11150,10050,9400,11350,10800,13050,12250,9725,11075,12650
18/ 10/ 2021,11150,10050,9400,11350,10800,13050,12250,9725,11075,12650
19/ 10/ 2021,11150,10050,9400,11350,10800,13050,12250,9725,11075,12650
20/ 10/ 2021,-,-,-,-,-,-,-,#DIV/0!,#DIV/0!,#DIV/0!
21/ 10/ 2021,11150,10050,9400,11350,10800,13050,12250,9725,11075,12650
22/ 10/ 2021,11150,10050,9400,11350,10800,13050,12250,9725,11075,12650
25/ 10/ 2021,11150,10050,9400,11350,10800,13050,12250,9725,11075,12650
26/ 10/ 2021,11150,10050,9400,11350,10800,13050,12250,9725,11075,12650
27/ 10/ 2021,11150,10050,9400,11350,10800,13050,12250,9725,11075,12650
28/ 10/ 2021,11150,10050,9400,11350,10800,13050,12250,9725,11075,12650
29/ 10/ 2021,11150,10050,9400,11350,10800,13050,12250,9725,11075,12650
01/ 11/ 2021,11150,10050,9400,11350,10800,13050,12250,9725,11075,12650
02/ 11/ 2021,11150,10050,9400,11350,10800,13050,12250,9725,11075,12650
03/ 11/ 2021,11150,10050,9400,11350,10800,13050,12250,9725,11075,12650
04/ 11/ 2021,11150,10050,9400,11350,10800,13050,12250,9725,11075,12650
05/ 11/ 2021,11150,10050,9400,11350,10800,13050,12250,9725,11075,12650
08/ 11/ 2021,11150,10050,9400,11350,10800,13050,12250,9725,11075,12650
09/ 11/ 2021,11150,10050,9400,11350,10800,13050,12250,9725,11075,12650
10/ 11/ 2021,11150,10050,9400,11350,10800,13050,12250,9725,11075,12650
11/ 11/ 2021,11150,10050,9400,11350,10800,13050,12250,9725,11075,12650
12/ 11/ 2021,11150,10050,9400,11350,10800,13050,12250,9725,11075,12650
15/ 11/ 2021,11150,10050,9400,11350,10800,13050,12250,9725,11075,12650
16/ 11/ 2021,11150,10050,9400,11350,10800,13050,12250,9725,11075,12650
17/ 11/ 2021,11150,10050,9400,11350,10800,13050,12250,9725,11075,12650
18/ 11/ 2021,11150,10050,9400,11350,10800,13050,12250,9725,11075,12650
19/ 11/ 2021,11150,10050,9400,11350,10800,13050,12250,9725,11075,12650
22/ 11/ 2021,11150,10050,9400,11350,10800,13050,12250,9725,11075,12650
23/ 11/ 2021,11150,10050,9400,11350,10800,13050,12250,9725,11075,12650
24/ 11/ 2021,11150,10050,9400,11350,10800,13050,12250,9725,11075,12650
25/ 11/ 2021,11150,10000,9400,11350,10800,13100,12250,9700,11075,12675
26/ 11/ 2021,11150,10050,9400,11350,10800,13050,12250,9725,11075,12650
29/ 11/ 2021,11150,10050,9450,11350,10800,13100,12250,9750,11075,12675
30/ 11/ 2021,11200,10050,9450,11350,10800,13100,12250,9750,11075,12675
01/ 12/ 2021,11150,10050,9450,11350,10800,13100,12250,9750,11075,12675
02/ 12/ 2021,11150,10050,9450,11350,10800,13100,12250,9750,11075,12675
03/ 12/ 2021,11150,10050,9450,11350,10800,13100,12250,9750,11075,12675
06/ 12/ 2021,11150,10050,9450,11350,10800,13100,12250,9750,11075,12675
07/ 12/ 2021,11200,10100,9500,11350,10850,13100,12250,9800,11100,12675
08/ 12/ 2021,11150,10100,9500,11050,10850,13100,12250,9800,10950,12675
09/ 12/ 2021,11200,10100,9500,11350,10850,13100,12250,9800,11100,12675
10/ 12/ 2021,11200,10100,9500,11350,10850,13100,12250,9800,11100,12675
13/ 12/ 2021,11200,10150,9500,11350,10850,13100,12250,9825,11100,12675
14/ 12/ 2021,11200,10150,9500,11350,10850,13100,12250,9825,11100,12675
15/ 12/ 2021,11200,10150,9500,11350,10850,13100,12250,9825,11100,12675
16/ 12/ 2021,11250,10150,9550,11400,10850,13100,12250,9850,11125,12675
17/ 12/ 2021,11250,10150,9550,11400,10850,13100,12250,9850,11125,12675
20/ 12/ 2021,11250,10150,9550,11400,10850,13100,12250,9850,11125,12675
21/ 12/ 2021,11250,10150,9550,11400,10850,13100,12300,9850,11125,12700
22/ 12/ 2021,11250,10150,9550,11400,10850,13100,12300,9850,11125,12700
23/ 12/ 2021,11250,10150,9550,11400,10900,13100,12300,9850,11150,12700
24/ 12/ 2021,11250,10150,9550,11400,10900,13100,12300,9850,11150,12700
27/ 12/ 2021,11750,10150,9550,11400,10900,13100,15300,9850,11150,14200
28/ 12/ 2021,11250,10200,9600,11450,10900,13100,12300,9900,11175,12700
29/ 12/ 2021,11300,10200,9600,11450,10900,13100,12300,9900,11175,12700
30/ 12/ 2021,11250,9950,9600,11450,10900,13100,12300,9775,11175,12700
31/ 12/ 2021,11250,10200,9600,11450,10900,13100,12300,9900,11175,12700
03/ 01/ 2022,11250,10200,9600,11450,10900,13100,12300,9900,11175,12700
04/ 01/ 2022,11300,10200,9600,11450,10950,13100,12300,9900,11200,12700
05/ 01/ 2022,11300,10250,9650,11500,10950,13150,12350,9950,11225,12750
06/ 01/ 2022,11300,10250,9650,11450,10950,13150,12350,9950,11200,12750
07/ 01/ 2022,11300,10250,9650,11500,10950,13150,12350,9950,11225,12750
10/ 01/ 2022,11300,10250,9700,11500,10950,13150,12350,9975,11225,12750
11/ 01/ 2022,11300,10250,9700,11500,10950,13150,12350,9975,11225,12750
12/ 01/ 2022,11300,10250,9700,11500,10950,13150,12350,9975,11225,12750
13/ 01/ 2022,11300,10250,9700,11500,10950,13150,12350,9975,11225,12750
14/ 01/ 2022,11300,10250,9700,11500,10950,13150,12350,9975,11225,12750
17/ 01/ 2022,11350,10250,9700,11500,11000,13150,12350,9975,11250,12750
18/ 01/ 2022,11350,10250,9700,11500,11000,13150,12350,9975,11250,12750
19/ 01/ 2022,11350,10250,9700,11500,11000,13150,12350,9975,11250,12750
20/ 01/ 2022,11350,10300,9700,11500,11000,13200,12400,10000,11250,12800
21/ 01/ 2022,11350,10300,9700,11500,11000,13200,12400,10000,11250,12800
24/ 01/ 2022,11350,10300,9700,11500,11000,13200,12400,10000,11250,12800
25/ 01/ 2022,11350,10300,9700,11500,11000,13200,12400,10000,11250,12800
26/ 01/ 2022,11350,10300,9700,11500,11000,13200,12400,10000,11250,12800
27/ 01/ 2022,11850,10300,9700,11500,11000,16200,12400,10000,11250,14300
28/ 01/ 2022,11350,10300,9700,11500,11000,13200,12400,10000,11250,12800
31/ 01/ 2022,11350,10300,9700,11500,11000,13200,12400,10000,11250,12800
01/ 02/ 2022,-,-,-,-,-,-,-,#DIV/0!,#DIV/0!,#DIV/0!
02/ 02/ 2022,11350,10300,9700,11500,11000,13200,12400,10000,11250,12800
03/ 02/ 2022,11350,10300,9700,11500,11000,13200,12400,10000,11250,12800
04/ 02/ 2022,11350,10300,9700,11500,11000,13200,12400,10000,11250,12800
07/ 02/ 2022,11350,10300,9700,11500,11000,13200,12400,10000,11250,12800
08/ 02/ 2022,11350,10300,9700,11500,11000,13200,12400,10000,11250,12800
09/ 02/ 2022,11350,10300,9700,11500,11000,13200,12400,10000,11250,12800
10/ 02/ 2022,11350,10300,9700,11500,11000,13200,12400,10000,11250,12800
11/ 02/ 2022,11350,10300,9700,11500,11000,13200,12400,10000,11250,12800
14/ 02/ 2022,11350,10300,9700,11500,11000,13200,12400,10000,11250,12800
15/ 02/ 2022,11350,10250,9700,11500,11000,13200,12400,9975,11250,12800
16/ 02/ 2022,11350,10250,9700,11500,11000,13200,12400,9975,11250,12800
17/ 02/ 2022,11350,10250,9700,11500,11000,13200,12400,9975,11250,12800
18/ 02/ 2022,11350,10250,9700,11500,11000,13200,12400,9975,11250,12800
21/ 02/ 2022,11350,10250,9700,11500,11000,13200,12400,9975,11250,12800
22/ 02/ 2022,11350,10250,9700,11500,11000,13200,12400,9975,11250,12800
23/ 02/ 2022,11350,10250,9700,11500,11000,13200,12400,9975,11250,12800
24/ 02/ 2022,11350,10250,9700,11500,11000,13200,12400,9975,11250,12800
25/ 02/ 2022,11350,10250,9700,11500,11000,13200,12400,9975,11250,12800
28/ 02/ 2022,-,-,-,-,-,-,-,#DIV/0!,#DIV/0!,#DIV/0!
01/ 03/ 2022,11350,10250,9700,11500,11000,13200,12400,9975,11250,12800
02/ 03/ 2022,11350,10250,9700,11500,11000,13200,12400,9975,11250,12800
03/ 03/ 2022,-,-,-,-,-,-,-,#DIV/0!,#DIV/0!,#DIV/0!
04/ 03/ 2022,11350,10300,9700,11500,11000,13200,12400,10000,11250,12800
07/ 03/ 2022,11350,10300,9700,11500,11000,13200,12400,10000,11250,12800
08/ 03/ 2022,11350,10300,9700,11500,11000,13200,12400,10000,11250,12800
09/ 03/ 2022,11350,10300,9700,11500,11000,13200,12400,10000,11250,12800
10/ 03/ 2022,11350,10300,9700,11500,11000,13200,12350,10000,11250,12775
11/ 03/ 2022,11350,10300,9700,11500,11000,13200,12400,10000,11250,12800
14/ 03/ 2022,11350,10300,9700,11500,11000,13200,12400,10000,11250,12800
15/ 03/ 2022,11350,10300,9700,11500,11000,13200,12400,10000,11250,12800
16/ 03/ 2022,11350,10300,9700,11500,11000,13200,12400,10000,11250,12800
17/ 03/ 2022,11350,10300,9700,11500,11000,13200,12400,10000,11250,12800
18/ 03/ 2022,11350,10300,9700,11500,11000,13200,12400,10000,11250,12800
21/ 03/ 2022,11350,10300,9700,11500,11000,13200,12400,10000,11250,12800
22/ 03/ 2022,11350,10300,9700,11500,11000,13200,12400,10000,11250,12800
23/ 03/ 2022,11350,10300,9700,11500,11000,13200,12400,10000,11250,12800
24/ 03/ 2022,11400,10300,9700,11550,11050,13300,12500,10000,11300,12900
25/ 03/ 2022,11350,10300,9700,11500,11000,13200,12400,10000,11250,12800
28/ 03/ 2022,11350,10300,9700,11500,11000,13200,12400,10000,11250,12800
29/ 03/ 2022,11350,10300,9700,11500,11000,13200,12400,10000,11250,12800
30/ 03/ 2022,11350,10300,9700,11500,11000,13200,12400,10000,11250,12800
31/ 03/ 2022,11350,10300,9700,11500,11000,13200,12400,10000,11250,12800
01/ 04/ 2022,11350,10300,9700,11500,11000,13200,12400,10000,11250,12800
04/ 04/ 2022,11950,10300,9700,11500,11000,13200,15900,10000,11250,14550
05/ 04/ 2022,11350,10300,9700,11500,11000,13200,12400,10000,11250,12800
06/ 04/ 2022,11350,10300,9700,11500,11000,13200,12400,10000,11250,12800
07/ 04/ 2022,11350,10300,9700,11500,11000,13200,12400,10000,11250,12800
08/ 04/ 2022,11350,10300,9700,11500,11000,13200,12400,10000,11250,12800
11/ 04/ 2022,11350,10300,9700,11500,11000,13200,12400,10000,11250,12800
12/ 04/ 2022,11350,10300,9700,11500,11000,13200,12400,10000,11250,12800
13/ 04/ 2022,11350,10300,9700,11500,11000,13200,12400,10000,11250,12800
14/ 04/ 2022,11350,10300,9700,11500,11000,13200,12400,10000,11250,12800
15/ 04/ 2022,-,-,-,-,-,-,-,#DIV/0!,#DIV/0!,#DIV/0!
18/ 04/ 2022,11350,10300,9700,11500,11000,13200,12400,10000,11250,12800
19/ 04/ 2022,11350,10300,9700,11500,11000,13200,12400,10000,11250,12800
20/ 04/ 2022,11350,10300,9700,11500,11000,13200,12400,10000,11250,12800
21/ 04/ 2022,11350,10300,9700,11500,11000,13200,12400,10000,11250,12800
22/ 04/ 2022,11350,10300,9700,11500,11000,13200,12400,10000,11250,12800
25/ 04/ 2022,11350,10300,9700,11500,11000,13200,12400,10000,11250,12800
26/ 04/ 2022,11350,10300,9700,11500,11000,13200,12400,10000,11250,12800
27/ 04/ 2022,11350,10300,9700,11500,11000,13200,12400,10000,11250,12800
28/ 04/ 2022,11350,10300,9700,11500,11000,13200,12400,10000,11250,12800
29/ 04/ 2022,-,-,-,-,-,-,-,#DIV/0!,#DIV/0!,#DIV/0!
02/ 05/ 2022,-,-,-,-,-,-,-,#DIV/0!,#DIV/0!,#DIV/0!
03/ 05/ 2022,-,-,-,-,-,-,-,#DIV/0!,#DIV/0!,#DIV/0!
04/ 05/ 2022,-,-,-,-,-,-,-,#DIV/0!,#DIV/0!,#DIV/0!
05/ 05/ 2022,-,-,-,-,-,-,-,#DIV/0!,#DIV/0!,#DIV/0!
06/ 05/ 2022,-,-,-,-,-,-,-,#DIV/0!,#DIV/0!,#DIV/0!
09/ 05/ 2022,11350,10300,9700,11500,11000,13200,12400,10000,11250,12800
10/ 05/ 2022,11350,10300,9700,11500,11000,13200,12400,10000,11250,12800
11/ 05/ 2022,11350,10300,9700,11500,11000,13200,12400,10000,11250,12800
12/ 05/ 2022,11350,10300,9700,11500,11000,13200,12400,10000,11250,12800
13/ 05/ 2022,11350,10300,9700,11500,11000,13200,12400,10000,11250,12800
16/ 05/ 2022,-,-,-,-,-,-,-,#DIV/0!,#DIV/0!,#DIV/0!
17/ 05/ 2022,11350,10300,9700,11500,11000,13200,12400,10000,11250,12800
18/ 05/ 2022,11350,10300,9700,11500,11000,13200,12400,10000,11250,12800
19/ 05/ 2022,11350,10300,9700,11500,11000,13200,12400,10000,11250,12800
20/ 05/ 2022,11350,10300,9700,11500,11000,13200,12400,10000,11250,12800
23/ 05/ 2022,11350,10300,9700,11500,11000,13200,12400,10000,11250,12800
24/ 05/ 2022,11350,10250,9650,11500,11000,13200,12400,9950,11250,12800
25/ 05/ 2022,11350,10250,9650,11500,11000,13200,12400,9950,11250,12800
26/ 05/ 2022,-,-,-,-,-,-,-,#DIV/0!,#DIV/0!,#DIV/0!
27/ 05/ 2022,11350,10250,9650,11500,11000,13200,12400,9950,11250,12800
30/ 05/ 2022,11350,10250,9650,11500,11000,13200,12400,9950,11250,12800
31/ 05/ 2022,11350,10250,9650,11500,11000,13200,12400,9950,11250,12800
01/ 06/ 2022,-,-,-,-,-,-,-,#DIV/0!,#DIV/0!,#DIV/0!
02/ 06/ 2022,11350,10250,9650,11500,11000,13200,12400,9950,11250,12800
03/ 06/ 2022,11350,10250,9650,11500,11000,13200,12400,9950,11250,12800
06/ 06/ 2022,11350,10250,9650,11500,11000,13200,12400,9950,11250,12800
07/ 06/ 2022,11350,10250,9650,11500,11000,13200,12400,9950,11250,12800
08/ 06/ 2022,11350,10250,9650,11500,11000,13200,12400,9950,11250,12800
09/ 06/ 2022,11350,10250,9650,11500,11000,13200,12400,9950,11250,12800
10/ 06/ 2022,11300,10250,9650,11500,10950,13200,12350,9950,11225,12775
13/ 06/ 2022,11350,10250,9650,11500,11000,13200,12400,9950,11250,12800
14/ 06/ 2022,11350,10250,9650,11500,11000,13200,12400,9950,11250,12800
15/ 06/ 2022,11350,10250,9650,11500,11000,13200,12400,9950,11250,12800
16/ 06/ 2022,11350,10250,9650,11500,11000,13200,12400,9950,11250,12800
17/ 06/ 2022,11350,10250,9650,11500,11000,13200,12400,9950,11250,12800
20/ 06/ 2022,11350,10250,9650,11500,11000,13200,12400,9950,11250,12800
21/ 06/ 2022,11350,10250,9650,11500,11000,13200,12400,9950,11250,12800
22/ 06/ 2022,11350,10250,9600,11500,11000,13200,12400,9925,11250,12800
23/ 06/ 2022,11350,10250,9600,11500,11000,13200,12400,9925,11250,12800
24/ 06/ 2022,11350,10250,9600,11500,11000,13200,12400,9925,11250,12800
27/ 06/ 2022,11350,10250,9600,11500,11000,13200,12400,9925,11250,12800
28/ 06/ 2022,11300,10200,9600,11450,11000,13150,12350,9900,11225,12750
29/ 06/ 2022,11300,10200,9600,11450,11000,13150,12350,9900,11225,12750
30/ 06/ 2022,11300,10200,9600,11450,11000,13150,12350,9900,11225,12750
01/ 07/ 2022,11300,10200,9600,11450,11000,13150,12350,9900,11225,12750
04/ 07/ 2022,11300,10200,9600,11450,11000,13150,12350,9900,11225,12750
05/ 07/ 2022,11300,10200,9600,11450,11000,13150,12350,9900,11225,12750
06/ 07/ 2022,11300,10200,9600,11450,11000,13150,12350,9900,11225,12750
07/ 07/ 2022,11300,10200,9600,11450,11000,13150,12350,9900,11225,12750
08/ 07/ 2022,11300,10200,9600,11450,11000,13150,12350,9900,11225,12750
11/ 07/ 2022,11300,10200,9600,11450,11000,13150,12350,9900,11225,12750
12/ 07/ 2022,11300,10200,9600,11450,11000,13150,12350,9900,11225,12750
13/ 07/ 2022,11300,10200,9600,11450,11000,13150,12350,9900,11225,12750
14/ 07/ 2022,11300,10200,9600,11450,11000,13150,12350,9900,11225,12750
15/ 07/ 2022,11300,10200,9600,11450,11000,13150,12350,9900,11225,12750
18/ 07/ 2022,11300,10200,9600,11450,11000,13150,12350,9900,11225,12750
19/ 07/ 2022,11300,10200,9600,11450,11000,13150,12350,9900,11225,12750
20/ 07/ 2022,11300,10200,9600,11450,11000,13150,12350,9900,11225,12750
21/ 07/ 2022,11300,10200,9600,11450,11000,13150,12350,9900,11225,12750
22/ 07/ 2022,11300,10200,9600,11450,11000,13150,12350,9900,11225,12750
25/ 07/ 2022,11300,10200,9600,11450,11000,13150,12350,9900,11225,12750
26/ 07/ 2022,11300,10200,9600,11450,11000,13150,12350,9900,11225,12750
27/ 07/ 2022,11300,10250,9600,11450,11000,13150,12350,9925,11225,12750
28/ 07/ 2022,11300,10250,9600,11450,11000,13150,12350,9925,11225,12750
29/ 07/ 2022,11300,10250,9600,11450,11000,13150,12350,9925,11225,12750
01/ 08/ 2022,11300,10250,9600,11450,11000,13150,12350,9925,11225,12750
02/ 08/ 2022,11300,10250,9600,11450,11000,13150,12350,9925,11225,12750
03/ 08/ 2022,11300,10250,9600,11450,11000,13150,12350,9925,11225,12750
04/ 08/ 2022,11300,10250,9600,11450,11000,13150,12350,9925,11225,12750
05/ 08/ 2022,11300,10250,9600,11450,11000,13150,12350,9925,11225,12750
08/ 08/ 2022,11300,10250,9600,11450,11000,13200,12400,9925,11225,12800
09/ 08/ 2022,11300,10250,9600,11450,11000,13200,12400,9925,11225,12800
10/ 08/ 2022,11300,10250,9600,11450,11000,13200,12400,9925,11225,12800
11/ 08/ 2022,11300,10250,9600,11450,11000,13200,12400,9925,11225,12800
12/ 08/ 2022,11300,10250,9600,11450,11000,13200,12400,9925,11225,12800
15/ 08/ 2022,11350,10250,9650,11500,11000,13200,12400,9950,11250,12800
16/ 08/ 2022,11350,10300,9650,11500,11000,13200,12400,9975,11250,12800
17/ 08/ 2022,-,-,-,-,-,-,-,#DIV/0!,#DIV/0!,#DIV/0!
18/ 08/ 2022,11350,10300,9650,11500,11000,13200,12400,9975,11250,12800
19/ 08/ 2022,11350,10300,9650,11500,11000,13200,12400,9975,11250,12800
22/ 08/ 2022,11350,10300,9650,11500,11000,13200,12400,9975,11250,12800
23/ 08/ 2022,11350,10300,9650,11500,11000,13200,12400,9975,11250,12800
24/ 08/ 2022,11400,10300,9650,11500,11000,13250,12450,9975,11250,12850
25/ 08/ 2022,11400,10300,9650,11500,11000,13250,12450,9975,11250,12850
26/ 08/ 2022,11400,10300,9650,11500,11000,13250,12450,9975,11250,12850
29/ 08/ 2022,11400,10350,9700,11500,11050,13250,12500,10025,11275,12875
30/ 08/ 2022,11400,10350,9700,11500,11050,13250,12500,10025,11275,12875
31/ 08/ 2022,11400,10350,9700,11500,11050,13250,12500,10025,11275,12875
01/ 09/ 2022,11400,10350,9700,11500,11050,13250,12500,10025,11275,12875
02/ 09/ 2022,11400,10350,9700,11500,11050,13250,12500,10025,11275,12875
05/ 09/ 2022,11400,10350,9700,11500,11050,13250,12500,10025,11275,12875
06/ 09/ 2022,11400,10350,9700,11500,11050,13250,12500,10025,11275,12875
07/ 09/ 2022,11400,10350,9700,11500,11050,13250,12500,10025,11275,12875
08/ 09/ 2022,11400,10350,9700,11500,11050,13250,12500,10025,11275,12875
09/ 09/ 2022,11400,10350,9700,11500,11050,13250,12500,10025,11275,12875
12/ 09/ 2022,11450,10350,9700,11650,11050,13300,12500,10025,11350,12900
13/ 09/ 2022,11450,10450,9800,11650,11050,13300,12550,10125,11350,12925
14/ 09/ 2022,11450,10450,9800,11650,11050,13300,12550,10125,11350,12925
15/ 09/ 2022,11500,10450,9800,11700,11050,13350,12550,10125,11375,12950
16/ 09/ 2022,11500,10450,9800,11700,11100,13350,12550,10125,11400,12950
19/ 09/ 2022,11500,10450,9800,11700,11100,13350,12550,10125,11400,12950
20/ 09/ 2022,11500,10450,9800,11700,11100,13350,12550,10125,11400,12950
21/ 09/ 2022,11500,10450,9800,11700,11100,13350,12550,10125,11400,12950
22/ 09/ 2022,11500,10450,9800,11700,11100,13350,12550,10125,11400,12950
23/ 09/ 2022,11500,10500,9800,11700,11100,13350,12550,10150,11400,12950
26/ 09/ 2022,11500,10450,9800,11700,11100,13350,12550,10125,11400,12950
27/ 09/ 2022,11500,10450,9800,11700,11100,13350,12550,10125,11400,12950
28/ 09/ 2022,11500,10450,9800,11700,11100,13350,12550,10125,11400,12950
29/ 09/ 2022,11500,10450,9800,11700,11100,13350,12550,10125,11400,12950
30/ 09/ 2022,11500,10450,9800,11700,11100,13350,12550,10125,11400,12950
03/ 10/ 2022,11500,10450,9800,11700,11100,13400,12550,10125,11400,12975
04/ 10/ 2022,11500,10450,9800,11700,11100,13400,12550,10125,11400,12975
05/ 10/ 2022,11500,10450,9800,11700,11100,13400,12550,10125,11400,12975
06/ 10/ 2022,11500,10450,9800,11700,11100,13400,12550,10125,11400,12975
07/ 10/ 2022,11500,10450,9800,11700,11100,13400,12550,10125,11400,12975
10/ 10/ 2022,11500,10450,9800,11700,11100,13400,12550,10125,11400,12975
11/ 10/ 2022,11500,10500,9850,11700,11100,13400,12550,10175,11400,12975
12/ 10/ 2022,11500,10500,9850,11700,11100,13400,12550,10175,11400,12975
13/ 10/ 2022,11500,10500,9850,11700,11100,13400,12550,10175,11400,12975
14/ 10/ 2022,11450,10500,9850,11700,11100,13400,12250,10175,11400,12825
17/ 10/ 2022,11500,10500,9850,11700,11100,13400,12550,10175,11400,12975
18/ 10/ 2022,11500,10500,9850,11700,11100,13400,12550,10175,11400,12975
19/ 10/ 2022,11500,10500,9850,11700,11100,13400,12550,10175,11400,12975
20/ 10/ 2022,11500,10500,9850,11700,11100,13400,12550,10175,11400,12975
21/ 10/ 2022,11500,10500,9850,11700,11100,13400,12550,10175,11400,12975
24/ 10/ 2022,11500,10500,9850,11700,11100,13400,12550,10175,11400,12975
25/ 10/ 2022,11500,10500,9850,11700,11100,13400,12550,10175,11400,12975
26/ 10/ 2022,11500,10500,9850,11700,11100,13400,12550,10175,11400,12975
27/ 10/ 2022,11500,10500,9850,11700,11100,13400,12550,10175,11400,12975
28/ 10/ 2022,11500,10500,9850,11700,11100,13400,12550,10175,11400,12975
31/ 10/ 2022,11500,10500,9850,11600,11100,13400,12550,10175,11350,12975
01/ 11/ 2022,11500,10500,9850,11600,11100,13400,12550,10175,11350,12975
02/ 11/ 2022,11500,10500,9850,11600,11100,13400,12550,10175,11350,12975
03/ 11/ 2022,11500,10500,9850,11600,11100,13400,12550,10175,11350,12975
04/ 11/ 2022,11500,10500,9850,11600,11100,13350,12550,10175,11350,12950
07/ 11/ 2022,11550,10500,9850,11650,11150,13350,12600,10175,11400,12975
08/ 11/ 2022,11550,10500,9850,11650,11150,13350,12600,10175,11400,12975
09/ 11/ 2022,11550,10550,9850,11700,11200,13400,12600,10200,11450,13000
10/ 11/ 2022,11550,10550,9850,11700,11200,13400,12600,10200,11450,13000
11/ 11/ 2022,11550,10550,9850,11700,11200,13400,12600,10200,11450,13000
14/ 11/ 2022,11550,10550,9850,11700,11200,13400,12600,10200,11450,13000
15/ 11/ 2022,11550,10550,9900,11700,11200,13400,12650,10225,11450,13025
16/ 11/ 2022,11550,10550,9900,11700,11200,13400,12650,10225,11450,13025
17/ 11/ 2022,11550,10550,9900,11700,11200,13400,12650,10225,11450,13025
18/ 11/ 2022,11550,10550,9900,11700,11200,13400,12650,10225,11450,13025
21/ 11/ 2022,11600,10600,9900,11700,11200,13400,12650,10250,11450,13025
22/ 11/ 2022,11600,10600,9900,11700,11250,13400,12650,10250,11475,13025
23/ 11/ 2022,11600,10600,9900,11700,11250,13400,12650,10250,11475,13025
24/ 11/ 2022,11600,10600,9900,11750,11250,13400,12650,10250,11500,13025
25/ 11/ 2022,11600,10600,9900,11750,11250,13400,12650,10250,11500,13025
28/ 11/ 2022,11600,10650,9950,11750,11250,13400,12650,10300,11500,13025
29/ 11/ 2022,11600,10650,9950,11750,11250,13400,12650,10300,11500,13025
30/ 11/ 2022,11600,10650,9950,11750,11250,13400,12650,10300,11500,13025
01/ 12/ 2022,11600,10650,9950,11750,11250,13400,12650,10300,11500,13025
02/ 12/ 2022,11600,10650,9950,11750,11250,13400,12650,10300,11500,13025
05/ 12/ 2022,11650,10700,10050,11750,11250,13450,12650,10375,11500,13050
06/ 12/ 2022,11700,10750,10150,11850,11350,13450,12700,10450,11600,13075
07/ 12/ 2022,11700,10800,10150,11850,11350,13450,12700,10475,11600,13075
08/ 12/ 2022,11750,10850,10200,11850,11400,13450,12700,10525,11625,13075
09/ 12/ 2022,11750,10850,10200,11850,11400,13450,12700,10525,11625,13075
12/ 12/ 2022,11750,10850,10200,11850,11400,13450,12700,10525,11625,13075
13/ 12/ 2022,11750,10850,10200,11850,11400,13450,12700,10525,11625,13075
14/ 12/ 2022,11750,10850,10200,11850,11400,13450,12700,10525,11625,13075
15/ 12/ 2022,11750,10850,10200,11850,11400,13450,12700,10525,11625,13075
16/ 12/ 2022,11750,10850,10200,11850,11400,13450,12700,10525,11625,13075
19/ 12/ 2022,11750,10850,10200,11850,11400,13450,12700,10525,11625,13075
20/ 12/ 2022,11750,10850,10250,11900,11400,13450,12750,10550,11650,13100
21/ 12/ 2022,11800,10850,10250,11900,11400,13450,12750,10550,11650,13100
22/ 12/ 2022,11800,10850,10250,11900,11400,13450,12750,10550,11650,13100
23/ 12/ 2022,11800,10850,10250,11900,11400,13450,12750,10550,11650,13100
26/ 12/ 2022,11800,10850,10250,11900,11400,13450,12750,10550,11650,13100
27/ 12/ 2022,11800,10850,10250,11950,11400,13500,12750,10550,11675,13125
28/ 12/ 2022,11800,10850,10250,11950,11400,13500,12750,10550,11675,13125
29/ 12/ 2022,11800,10850,10250,11950,11450,13500,12800,10550,11700,13150
30/ 12/ 2022,11800,10850,10250,11950,11450,13500,12800,10550,11700,13150
02/ 01/ 2023,11800,10850,10250,11950,11450,13500,12800,10550,11700,13150
03/ 01/ 2023,11800,10850,10250,11950,11450,13500,12800,10550,11700,13150
04/ 01/ 2023,11800,10850,10250,11950,11450,13500,12800,10550,11700,13150
05/ 01/ 2023,11800,10850,10250,11950,11450,13500,12800,10550,11700,13150
06/ 01/ 2023,11850,10850,10300,12000,11450,13500,12800,10575,11725,13150
09/ 01/ 2023,11850,10850,10300,12000,11450,13500,12850,10575,11725,13175
10/ 01/ 2023,11900,10950,10400,12050,11550,13550,12850,10675,11800,13200
11/ 01/ 2023,11900,10950,10400,12050,11550,13550,12850,10675,11800,13200
12/ 01/ 2023,11900,10950,10400,12050,11550,13550,12850,10675,11800,13200
13/ 01/ 2023,11900,10950,10400,12050,11550,13550,12850,10675,11800,13200
16/ 01/ 2023,11900,10950,10450,12050,11550,13550,12850,10700,11800,13200
17/ 01/ 2023,11950,11000,10450,12100,11600,13600,12900,10725,11850,13250
18/ 01/ 2023,11950,11000,10450,12100,11600,13600,12900,10725,11850,13250
19/ 01/ 2023,11950,11000,10450,12100,11600,13600,12900,10725,11850,13250
20/ 01/ 2023,11950,11000,10450,12100,11600,13600,12950,10725,11850,13275
23/ 01/ 2023,11950,11000,10450,12100,11600,13600,12900,10725,11850,13250
24/ 01/ 2023,12050,11050,10550,12200,11650,13700,13000,10800,11925,13350
25/ 01/ 2023,12050,11100,10550,12200,11650,13700,13000,10825,11925,13350
26/ 01/ 2023,12050,11100,10550,12200,11700,13700,13000,10825,11950,13350
27/ 01/ 2023,12100,11100,10600,12250,11700,13800,13050,10850,11975,13425
30/ 01/ 2023,12150,11150,10650,12300,11800,13800,13050,10900,12050,13425
31/ 01/ 2023,12150,11150,10650,12300,11800,13800,13050,10900,12050,13425
01/ 02/ 2023,12150,11150,10650,12300,11800,13800,13050,10900,12050,13425
02/ 02/ 2023,12150,11150,10650,12300,11800,13800,13050,10900,12050,13425
03/ 02/ 2023,12150,11150,10650,12300,11800,13800,13050,10900,12050,13425
06/ 02/ 2023,12300,11300,10800,12500,12000,14000,13250,11050,12250,13625
07/ 02/ 2023,12350,11350,10800,12500,12000,14050,13250,11075,12250,13650
08/ 02/ 2023,12350,11350,10800,12500,12000,14050,13250,11075,12250,13650
09/ 02/ 2023,12400,11400,10850,12600,12100,14100,13300,11125,12350,13700
10/ 02/ 2023,12400,11400,10850,12600,12100,14100,13300,11125,12350,13700
13/ 02/ 2023,12450,11450,10950,12650,12150,14150,13350,11200,12400,13750
14/ 02/ 2023,12450,11450,10950,12650,12150,14150,13350,11200,12400,13750
15/ 02/ 2023,12500,11500,10950,12650,12150,14150,13350,11225,12400,13750
16/ 02/ 2023,12500,11500,10950,12650,12150,14150,13350,11225,12400,13750
17/ 02/ 2023,12500,11500,10950,12650,12150,14150,13350,11225,12400,13750
20/ 02/ 2023,12500,11500,11000,12650,12150,14200,13350,11250,12400,13775
21/ 02/ 2023,12500,11550,11000,12650,12150,14200,13350,11275,12400,13775
22/ 02/ 2023,12500,11550,11000,12650,12150,14200,13350,11275,12400,13775
23/ 02/ 2023,12500,11550,11000,12650,12150,14200,13350,11275,12400,13775
24/ 02/ 2023,12500,11550,11000,12650,12150,14200,13350,11275,12400,13775
27/ 02/ 2023,12500,11550,11000,12650,12150,14200,13350,11275,12400,13775
28/ 02/ 2023,12500,11550,11000,12650,12150,14200,13350,11275,12400,13775
01/ 03/ 2023,12450,11500,10950,12600,12150,14150,13350,11225,12375,13750
02/ 03/ 2023,12450,11500,10950,12600,12100,14150,13350,11225,12350,13750
03/ 03/ 2023,12450,11500,10950,12600,12100,14150,13350,11225,12350,13750
06/ 03/ 2023,12450,11500,10900,12600,12100,14150,13350,11200,12350,13750
07/ 03/ 2023,12450,11450,10900,12600,12100,14150,13350,11175,12350,13750
08/ 03/ 2023,12450,11450,10900,12600,12100,14150,13350,11175,12350,13750
09/ 03/ 2023,12450,11450,10900,12600,12100,14150,13350,11175,12350,13750
10/ 03/ 2023,12450,11450,10900,12600,12100,14150,13350,11175,12350,13750
13/ 03/ 2023,12450,11450,10900,12600,12100,14150,13350,11175,12350,13750
14/ 03/ 2023,12450,11450,10900,12600,12100,14150,13350,11175,12350,13750
15/ 03/ 2023,12450,11450,10900,12600,12100,14150,13350,11175,12350,13750
16/ 03/ 2023,12450,11450,10900,12600,12100,14150,13350,11175,12350,13750
17/ 03/ 2023,12450,11450,10900,12600,12100,14150,13350,11175,12350,13750
20/ 03/ 2023,12450,11450,10900,12600,12100,14150,13350,11175,12350,13750
21/ 03/ 2023,12450,11500,10950,12600,12100,14150,13350,11225,12350,13750
22/ 03/ 2023,12500,11500,10900,12650,12150,14300,13450,11200,12400,13875
23/ 03/ 2023,12500,11400,10900,12600,12100,14450,13600,11150,12350,14025
24/ 03/ 2023,12450,11500,10950,12600,12100,14150,13350,11225,12350,13750
27/ 03/ 2023,12450,11500,10950,12600,12100,14150,13350,11225,12350,13750
28/ 03/ 2023,12450,11500,10950,12600,12100,14150,13350,11225,12350,13750
29/ 03/ 2023,12450,11500,10950,12600,12100,14100,13300,11225,12350,13700
30/ 03/ 2023,12450,11500,10950,12600,12100,14100,13300,11225,12350,13700
31/ 03/ 2023,12450,11500,10950,12600,12100,14100,13300,11225,12350,13700
03/ 04/ 2023,12450,11500,10950,12600,12100,14100,13300,11225,12350,13700
04/ 04/ 2023,12450,11500,10950,12600,12100,14100,13300,11225,12350,13700
05/ 04/ 2023,12450,11500,10950,12600,12100,14100,13300,11225,12350,13700
06/ 04/ 2023,12450,11500,10950,12600,12100,14100,13300,11225,12350,13700
07/ 04/ 2023,12500,11500,10900,12650,12150,14250,13400,11200,12400,13825
10/ 04/ 2023,12450,11500,10950,12600,12100,14100,13300,11225,12350,13700
11/ 04/ 2023,12450,11500,10950,12600,12100,14100,13300,11225,12350,13700
12/ 04/ 2023,12450,11500,10950,12600,12100,14100,13300,11225,12350,13700
13/ 04/ 2023,12450,11500,10950,12600,12100,14100,13300,11225,12350,13700
14/ 04/ 2023,12450,11500,10950,12600,12100,14100,13300,11225,12350,13700
17/ 04/ 2023,12450,11500,11000,12600,12100,14100,13300,11250,12350,13700
18/ 04/ 2023,12450,11500,11050,12600,12100,14100,13300,11275,12350,13700
19/ 04/ 2023,12450,11500,11050,12600,12100,14100,13300,11275,12350,13700
20/ 04/ 2023,12450,11500,11050,12600,12100,14100,13300,11275,12350,13700
21/ 04/ 2023,12450,11500,11050,12600,12100,14100,13300,11275,12350,13700
24/ 04/ 2023,12450,11500,11050,12600,12100,14100,13300,11275,12350,13700
25/ 04/ 2023,12450,11500,11050,12600,12100,14100,13300,11275,12350,13700
26/ 04/ 2023,12450,11500,11050,12600,12100,14100,13300,11275,12350,13700
27/ 04/ 2023,12450,11500,11050,12600,12100,14100,13300,11275,12350,13700
28/ 04/ 2023,12450,11500,11050,12600,12100,14100,13300,11275,12350,13700
01/ 05/ 2023,12600,11450,10950,12750,12250,14600,13650,11200,12500,14125
02/ 05/ 2023,12450,11500,11050,12600,12100,14100,13300,11275,12350,13700
03/ 05/ 2023,12450,11500,11050,12600,12100,14100,13300,11275,12350,13700
04/ 05/ 2023,12450,11500,11050,12600,12100,14100,13300,11275,12350,13700
05/ 05/ 2023,12450,11500,11050,12600,12100,14100,13300,11275,12350,13700
08/ 05/ 2023,12450,11500,11050,12600,12100,14100,13300,11275,12350,13700
09/ 05/ 2023,12450,11500,11050,12600,12100,14100,13300,11275,12350,13700
10/ 05/ 2023,12450,11500,11050,12600,12100,14100,13300,11275,12350,13700
11/ 05/ 2023,12450,11500,11050,12600,12100,14100,13300,11275,12350,13700
12/ 05/ 2023,12450,11450,11050,12600,12100,14100,13300,11250,12350,13700
15/ 05/ 2023,12450,11450,11050,12600,12100,14100,13300,11250,12350,13700
16/ 05/ 2023,12450,11450,11050,12600,12100,14100,13300,11250,12350,13700
17/ 05/ 2023,12450,11450,11050,12600,12100,14100,13300,11250,12350,13700
18/ 05/ 2023,12450,11450,11050,12600,12100,14100,13300,11250,12350,13700
19/ 05/ 2023,12450,11450,11050,12600,12100,14100,13300,11250,12350,13700
22/ 05/ 2023,12450,11450,11000,12600,12100,14100,13300,11225,12350,13700
23/ 05/ 2023,12450,11450,11000,12600,12100,14100,13300,11225,12350,13700
24/ 05/ 2023,12450,11450,11000,12600,12100,14100,13300,11225,12350,13700
25/ 05/ 2023,12450,11450,11000,12600,12100,14100,13300,11225,12350,13700
26/ 05/ 2023,12450,11450,11000,12600,12100,14100,13300,11225,12350,13700
29/ 05/ 2023,12450,11450,11000,12600,12100,14100,13300,11225,12350,13700
30/ 05/ 2023,12400,11450,11000,12600,12100,14150,13250,11225,12350,13700
31/ 05/ 2023,12400,11450,10950,12600,12050,14150,13250,11200,12325,13700
01/ 06/ 2023,12400,11450,10950,12600,12050,14150,13250,11200,12325,13700
02/ 06/ 2023,12400,11450,10950,12600,12050,14150,13250,11200,12325,13700
05/ 06/ 2023,12400,11450,10950,12600,12050,14150,13250,11200,12325,13700
06/ 06/ 2023,12400,11450,10950,12600,12050,14150,13250,11200,12325,13700
07/ 06/ 2023,12400,11450,10950,12600,12050,14150,13250,11200,12325,13700
08/ 06/ 2023,12400,11450,10950,12600,12050,14150,13250,11200,12325,13700
09/ 06/ 2023,12400,11450,10950,12600,12050,14150,13250,11200,12325,13700
12/ 06/ 2023,12400,11450,10950,12600,12050,14150,13250,11200,12325,13700
13/ 06/ 2023,12400,11450,10950,12600,12050,14150,13250,11200,12325,13700
14/ 06/ 2023,12400,11450,10950,12600,12050,14150,13250,11200,12325,13700
15/ 06/ 2023,12400,11450,10950,12600,12050,14150,13250,11200,12325,13700
16/ 06/ 2023,12400,11450,10950,12600,12050,14150,13250,11200,12325,13700
19/ 06/ 2023,12400,11450,10950,12550,12050,14150,13250,11200,12300,13700
20/ 06/ 2023,12400,11450,10950,12550,12050,14150,13250,11200,12300,13700
21/ 06/ 2023,12400,11450,10950,12550,12050,14150,13250,11200,12300,13700
22/ 06/ 2023,12400,11450,10950,12550,12050,14150,13250,11200,12300,13700
23/ 06/ 2023,12400,11450,10950,12550,12050,14150,13250,11200,12300,13700
26/ 06/ 2023,12400,11450,10950,12550,12050,14150,13250,11200,12300,13700
27/ 06/ 2023,12400,11450,10950,12550,12100,14150,13250,11200,12325,13700
28/ 06/ 2023,12450,11450,10900,12600,12100,14300,13350,11175,12350,13825
29/ 06/ 2023,12450,11450,10900,12600,12100,14300,13350,11175,12350,13825
30/ 06/ 2023,12450,11450,10900,12600,12100,14300,13350,11175,12350,13825
03/ 07/ 2023,12400,11450,10950,12550,12100,14150,13250,11200,12325,13700
04/ 07/ 2023,12400,11450,10950,12550,12100,14150,13250,11200,12325,13700
05/ 07/ 2023,12400,11450,10950,12550,12100,14150,13250,11200,12325,13700
06/ 07/ 2023,12400,11450,10950,12550,12100,14150,13250,11200,12325,13700
07/ 07/ 2023,12400,11450,10950,12550,12100,14150,13250,11200,12325,13700
10/ 07/ 2023,12400,11450,11000,12550,12100,14150,13250,11225,12325,13700
11/ 07/ 2023,12400,11450,11000,12550,12100,14150,13250,11225,12325,13700
12/ 07/ 2023,12450,11500,11000,12600,12100,14150,13250,11250,12350,13700
13/ 07/ 2023,12450,11500,11000,12600,12100,14150,13250,11250,12350,13700
14/ 07/ 2023,12450,11500,11000,12600,12100,14150,13250,11250,12350,13700
17/ 07/ 2023,12450,11500,11000,12600,12100,14150,13250,11250,12350,13700
18/ 07/ 2023,12450,11500,11000,12600,12100,14150,13250,11250,12350,13700
19/ 07/ 2023,12450,11500,11000,12600,12100,14150,13250,11250,12350,13700
20/ 07/ 2023,12450,11500,11000,12600,12100,14150,13250,11250,12350,13700
21/ 07/ 2023,12450,11500,11050,12600,12100,14150,13250,11275,12350,13700
24/ 07/ 2023,12450,11500,11050,12600,12100,14150,13250,11275,12350,13700
25/ 07/ 2023,12450,11500,11050,12600,12100,14150,13250,11275,12350,13700
26/ 07/ 2023,12400,11450,11000,12550,12050,14100,13200,11225,12300,13650
27/ 07/ 2023,12400,11450,11000,12550,12050,14100,13200,11225,12300,13650
28/ 07/ 2023,12400,11400,11000,12500,12050,14100,13200,11200,12275,13650
31/ 07/ 2023,12400,11400,11000,12500,12050,14100,13200,11200,12275,13650
01/ 08/ 2023,12400,11400,11000,12500,12050,14100,13200,11200,12275,13650
02/ 08/ 2023,12400,11400,11000,12550,12050,14100,13200,11200,12300,13650
03/ 08/ 2023,12400,11400,11000,12550,12050,14100,13200,11200,12300,13650
04/ 08/ 2023,12400,11400,11000,12550,12050,14100,13200,11200,12300,13650
07/ 08/ 2023,12450,11450,11050,12550,12050,14100,13250,11250,12300,13675
08/ 08/ 2023,12450,11500,11100,12600,12100,14100,13250,11300,12350,13675
09/ 08/ 2023,12450,11500,11100,12600,12100,14100,13250,11300,12350,13675
10/ 08/ 2023,12500,11550,11150,12650,12150,14100,13300,11350,12400,13700
11/ 08/ 2023,12500,11550,11150,12650,12150,14100,13300,11350,12400,13700
14/ 08/ 2023,12550,11600,11250,12650,12200,14150,13300,11425,12425,13725
15/ 08/ 2023,12550,11600,11250,12650,12200,14150,13300,11425,12425,13725
16/ 08/ 2023,12550,11650,11250,12700,12200,14200,13350,11450,12450,13775
17/ 08/ 2023,12550,11650,11250,12700,12200,14200,13350,11450,12450,13775
18/ 08/ 2023,12600,11700,11350,12750,12250,14200,13350,11525,12500,13775
21/ 08/ 2023,12750,11850,11450,12900,12400,14250,13500,11650,12650,13875
22/ 08/ 2023,12750,11850,11500,12900,12400,14250,13500,11675,12650,13875
23/ 08/ 2023,12750,11850,11500,12900,12450,14250,13550,11675,12675,13900
24/ 08/ 2023,12800,11900,11550,12950,12500,14300,13600,11725,12725,13950
25/ 08/ 2023,12800,11900,11550,12950,12500,14350,13600,11725,12725,13975
28/ 08/ 2023,12850,11950,11600,13000,12500,14350,13650,11775,12750,14000
29/ 08/ 2023,12950,12050,11700,13150,12650,14450,13750,11875,12900,14100
30/ 08/ 2023,13050,12200,11800,13200,12700,14400,13800,12000,12950,14100
31/ 08/ 2023,13050,12200,11850,13200,12700,14450,13800,12025,12950,14125
01/ 09/ 2023,13050,12200,11850,13200,12750,14450,13800,12025,12975,14125
04/ 09/ 2023,13400,12550,12150,13600,13050,14850,14200,12350,13325,14525
05/ 09/ 2023,13600,12700,12350,13800,13300,15100,14400,12525,13550,14750
06/ 09/ 2023,13650,12750,12400,13850,13350,15150,14450,12575,13600,14800
07/ 09/ 2023,13700,12750,12400,13850,13350,15150,14500,12575,13600,14825
08/ 09/ 2023,13750,12800,12450,13900,13400,15200,14550,12625,13650,14875
11/ 09/ 2023,13750,12900,12500,13950,13400,15200,14550,12700,13675,14875
12/ 09/ 2023,13800,12900,12550,14000,13450,15250,14550,12725,13725,14900
13/ 09/ 2023,13800,12950,12550,14000,13450,15300,14600,12750,13725,14950
14/ 09/ 2023,13800,12950,12550,14000,13450,15300,14600,12750,13725,14950
15/ 09/ 2023,13800,12950,12550,14000,13500,15300,14600,12750,13750,14950
18/ 09/ 2023,13850,12950,12550,14050,13500,15350,14650,12750,13775,15000
19/ 09/ 2023,13850,13000,12550,14050,13500,15400,14700,12775,13775,15050
20/ 09/ 2023,13900,13000,12600,14050,13550,15350,14700,12800,13800,15025
21/ 09/ 2023,13900,13050,12600,14050,13550,15350,14700,12825,13800,15025
22/ 09/ 2023,13900,13050,12600,14050,13550,15350,14700,12825,13800,15025
25/ 09/ 2023,13900,13050,12600,14100,13550,15350,14700,12825,13825,15025
26/ 09/ 2023,13900,13050,12600,14100,13550,15350,14700,12825,13825,15025
27/ 09/ 2023,13900,13050,12650,14100,13550,15350,14700,12850,13825,15025
28/ 09/ 2023,13900,13050,12650,14100,13550,15350,14700,12850,13825,15025
29/ 09/ 2023,13900,13050,12650,14100,13550,15350,14700,12850,13825,15025
02/ 10/ 2023,13900,13050,12650,14100,13550,15350,14700,12850,13825,15025
03/ 10/ 2023,13900,13050,12650,14100,13550,15350,14700,12850,13825,15025
04/ 10/ 2023,13900,13050,12650,14100,13550,15350,14700,12850,13825,15025
05/ 10/ 2023,13900,13050,12650,14100,13550,15350,14700,12850,13825,15025
06/ 10/ 2023,13950,13050,12650,14100,13550,15450,14750,12850,13825,15100
09/ 10/ 2023,13900,13050,12650,14100,13550,15350,14700,12850,13825,15025
10/ 10/ 2023,13900,13050,12650,14100,13550,15350,14700,12850,13825,15025
11/ 10/ 2023,13950,13100,12650,14150,13600,15350,14650,12875,13875,15000
12/ 10/ 2023,13950,13100,12650,14150,13600,15350,14650,12875,13875,15000
13/ 10/ 2023,13950,13100,12650,14150,13600,15350,14650,12875,13875,15000
16/ 10/ 2023,13950,13100,12650,14150,13600,15350,14650,12875,13875,15000
17/ 10/ 2023,13950,13100,12650,14150,13600,15350,14650,12875,13875,15000
18/ 10/ 2023,13950,13100,12650,14150,13600,15350,14650,12875,13875,15000
19/ 10/ 2023,13950,13100,12650,14150,13600,15350,14650,12875,13875,15000
20/ 10/ 2023,13950,13100,12650,14150,13600,15350,14650,12875,13875,15000
23/ 10/ 2023,13950,13100,12650,14150,13600,15350,14650,12875,13875,15000
24/ 10/ 2023,13950,13100,12650,14150,13600,15350,14650,12875,13875,15000
25/ 10/ 2023,13950,13100,12650,14150,13600,15350,14650,12875,13875,15000
26/ 10/ 2023,13950,13100,12650,14150,13600,15350,14650,12875,13875,15000
27/ 10/ 2023,13950,13100,12650,14150,13600,15350,14650,12875,13875,15000
30/ 10/ 2023,13950,13100,12650,14150,13600,15350,14650,12875,13875,15000
31/ 10/ 2023,13950,13100,12650,14150,13600,15350,14650,12875,13875,15000
01/ 11/ 2023,13950,13100,12650,14150,13600,15350,14650,12875,13875,15000
02/ 11/ 2023,13950,13100,12650,14150,13600,15350,14650,12875,13875,15000
03/ 11/ 2023,13950,13100,12650,14150,13600,15350,14650,12875,13875,15000
06/ 11/ 2023,13950,13100,12650,14150,13600,15350,14650,12875,13875,15000
07/ 11/ 2023,13950,13100,12650,14150,13600,15350,14650,12875,13875,15000
08/ 11/ 2023,13950,13100,12650,14150,13600,15350,14650,12875,13875,15000
09/ 11/ 2023,13950,13100,12650,14150,13600,15350,14650,12875,13875,15000
10/ 11/ 2023,13950,13100,12650,14150,13600,15350,14650,12875,13875,15000
13/ 11/ 2023,13950,13100,12650,14150,13600,15350,14650,12875,13875,15000
14/ 11/ 2023,13950,13100,12650,14150,13600,15350,14650,12875,13875,15000
15/ 11/ 2023,13950,13100,12650,14150,13600,15350,14650,12875,13875,15000
16/ 11/ 2023,13950,13100,12650,14150,13600,15350,14650,12875,13875,15000
17/ 11/ 2023,13900,13100,12650,14150,13600,15350,14650,12875,13875,15000
20/ 11/ 2023,13900,13100,12650,14150,13600,15350,14650,12875,13875,15000
21/ 11/ 2023,13900,13100,12650,14150,13600,15350,14650,12875,13875,15000
22/ 11/ 2023,13900,13100,12650,14150,13600,15350,14650,12875,13875,15000
23/ 11/ 2023,13900,13100,12650,14150,13600,15350,14650,12875,13875,15000
24/ 11/ 2023,13950,13100,12650,14150,13600,15350,14650,12875,13875,15000
27/ 11/ 2023,13950,13100,12650,14150,13600,15350,14650,12875,13875,15000
28/ 11/ 2023,13950,13100,12650,14150,13600,15350,14650,12875,13875,15000
29/ 11/ 2023,13950,13100,12650,14150,13600,15350,14650,12875,13875,15000
30/ 11/ 2023,13950,13100,12650,14150,13600,15350,14650,12875,13875,15000
01/ 12/ 2023,13950,13100,12650,14150,13600,15350,14650,12875,13875,15000
04/ 12/ 2023,13950,13150,12700,14150,13650,15350,14650,12925,13900,15000
05/ 12/ 2023,13950,13150,12700,14150,13650,15350,14650,12925,13900,15000
06/ 12/ 2023,13950,13150,12700,14150,13650,15350,14650,12925,13900,15000
07/ 12/ 2023,13950,13150,12700,14150,13650,15350,14650,12925,13900,15000
08/ 12/ 2023,13950,13150,12700,14150,13650,15350,14650,12925,13900,15000
11/ 12/ 2023,14000,13150,12700,14200,13650,15400,14700,12925,13925,15050
12/ 12/ 2023,14000,13150,12700,14200,13650,15400,14700,12925,13925,15050
13/ 12/ 2023,14000,13150,12700,14200,13650,15400,14700,12925,13925,15050
14/ 12/ 2023,14000,13150,12700,14200,13650,15400,14700,12925,13925,15050
15/ 12/ 2023,14000,13150,12700,14200,13650,15400,14700,12925,13925,15050
18/ 12/ 2023,14000,13200,12750,14250,13700,15450,14750,12975,13975,15100
19/ 12/ 2023,14000,13200,12700,14250,13700,15450,14750,12950,13975,15100
20/ 12/ 2023,14000,13200,12700,14250,13700,15450,14750,12950,13975,15100
21/ 12/ 2023,14000,13200,12700,14250,13700,15450,14750,12950,13975,15100
22/ 12/ 2023,14000,13200,12700,14250,13700,15450,14750,12950,13975,15100
25/ 12/ 2023,-,-,-,-,-,-,-,#DIV/0!,#DIV/0!,#DIV/0!
26/ 12/ 2023,-,-,-,-,-,-,-,#DIV/0!,#DIV/0!,#DIV/0!
27/ 12/ 2023,14000,13200,12700,14250,13700,15450,14750,12950,13975,15100
28/ 12/ 2023,14000,13200,12700,14250,13700,15450,14750,12950,13975,15100
29/ 12/ 2023,14000,13200,12700,14250,13700,15450,14750,12950,13975,15100
01/ 01/ 2024,14000,13200,12700,14250,13700,15450,14750,12950,13975,15100
02/ 01/ 2024,14000,13250,12700,14250,13700,15450,14750,12975,13975,15100
03/ 01/ 2024,14000,13250,12700,14250,13700,15450,14750,12975,13975,15100
04/ 01/ 2024,14000,13250,12700,14250,13700,15450,14750,12975,13975,15100
05/ 01/ 2024,14050,13250,12700,14250,13700,15500,14750,12975,13975,15125
08/ 01/ 2024,14050,13250,12750,14250,13700,15500,14800,13000,13975,15150
09/ 01/ 2024,14050,13250,12750,14250,13700,15500,14800,13000,13975,15150
10/ 01/ 2024,14050,13250,12800,14250,13700,15500,14800,13025,13975,15150
11/ 01/ 2024,14100,13250,12850,14250,13750,15500,14800,13050,14000,15150
12/ 01/ 2024,14100,13250,12850,14250,13750,15500,14800,13050,14000,15150
15/ 01/ 2024,14150,13350,12950,14300,13800,15550,14850,13150,14050,15200
16/ 01/ 2024,14250,13400,13000,14500,13950,15600,14950,13200,14225,15275
17/ 01/ 2024,14300,13450,13050,14500,13950,15700,15000,13250,14225,15350
18/ 01/ 2024,14300,13450,13050,14500,13950,15700,15000,13250,14225,15350
19/ 01/ 2024,14300,13450,13050,14500,13950,15700,15000,13250,14225,15350
22/ 01/ 2024,14300,13450,13050,14550,14000,15750,15050,13250,14275,15400
23/ 01/ 2024,14450,13600,13100,14650,14150,15850,15200,13350,14400,15525
24/ 01/ 2024,14500,13650,13150,14700,14200,16000,15350,13400,14450,15675
25/ 01/ 2024,14550,13700,13250,14700,14200,16050,15350,13475,14450,15700
26/ 01/ 2024,14550,13700,13250,14700,14200,16050,15350,13475,14450,15700
29/ 01/ 2024,14550,13700,13250,14700,14200,16000,15350,13475,14450,15675
30/ 01/ 2024,14650,13900,13400,14800,14350,16150,15450,13650,14575,15800
31/ 01/ 2024,14750,13900,13450,14900,14400,16200,15500,13675,14650,15850
01/ 02/ 2024,14750,13900,13450,14900,14400,16200,15500,13675,14650,15850
02/ 02/ 2024,14800,14000,13500,15000,14500,16250,15550,13750,14750,15900
05/ 02/ 2024,15150,14300,13900,15350,14850,16600,15950,14100,15100,16275
06/ 02/ 2024,15250,14400,13950,15450,14950,16650,16000,14175,15200,16325
07/ 02/ 2024,15250,14400,13950,15450,14950,16700,16050,14175,15200,16375
08/ 02/ 2024,15250,14400,13950,15450,14950,16700,16050,14175,15200,16375
09/ 02/ 2024,15300,14400,13950,15450,14950,16800,16150,14175,15200,16475
12/ 02/ 2024,15450,14550,14050,15700,15150,16950,16300,14300,15425,16625
13/ 02/ 2024,15500,14600,14150,15750,15200,17000,16350,14375,15475,16675
14/ 02/ 2024,15850,15300,15000,16100,15650,16800,16300,15150,15875,16550
15/ 02/ 2024,15550,14700,14200,15750,15250,17000,16350,14450,15500,16675
16/ 02/ 2024,15600,14700,14250,15800,15300,17050,16400,14475,15550,16725
19/ 02/ 2024,15650,14800,14350,15900,15400,17150,16450,14575,15650,16800
20/ 02/ 2024,15700,14800,14350,15900,15400,17150,16450,14575,15650,16800
21/ 02/ 2024,15700,14850,14350,15900,15400,17150,16450,14600,15650,16800
22/ 02/ 2024,15750,14900,14450,15950,15450,17200,16500,14675,15700,16850
23/ 02/ 2024,15800,14900,14450,16000,15500,17250,16550,14675,15750,16900
26/ 02/ 2024,15850,15050,14600,16050,15550,17250,16600,14825,15800,16925
27/ 02/ 2024,15850,15050,14600,16100,15600,17300,16600,14825,15850,16950
28/ 02/ 2024,15850,15050,14600,16100,15600,17300,16600,14825,15850,16950
29/ 02/ 2024,15850,15050,14600,16100,15600,17300,16600,14825,15850,16950
01/ 03/ 2024,15850,15000,14550,16050,15550,17250,16550,14775,15800,16900
04/ 03/ 2024,15800,15000,14500,16050,15550,17250,16550,14750,15800,16900
05/ 03/ 2024,15800,15000,14500,16050,15550,17250,16550,14750,15800,16900
06/ 03/ 2024,15800,15000,14500,16050,15550,17250,16550,14750,15800,16900
07/ 03/ 2024,15800,15000,14500,16050,15550,17250,16550,14750,15800,16900
08/ 03/ 2024,15800,14950,14500,16050,15550,17250,16550,14725,15800,16900
11/ 03/ 2024,15800,14950,14500,16050,15550,17250,16550,14725,15800,16900
12/ 03/ 2024,15800,14950,14500,16050,15550,17250,16550,14725,15800,16900
13/ 03/ 2024,15750,14900,14400,16000,15450,17200,16550,14650,15725,16875
14/ 03/ 2024,15750,14900,14400,16000,15450,17200,16550,14650,15725,16875
15/ 03/ 2024,15750,14950,14400,16000,15500,17200,16550,14675,15750,16875
